"Date","Token","aUSD Supply","aUSD netflow","price","xAVAX Supply","xAVAX net flow"
"2025-05-30 00:00:00.000 UTC","xAVAX",3369662.2699680403,-82.30280994992106,0.6905579833840279,5923239.685523984,-770.06
"2025-05-30 00:00:00.000 UTC","aUSD",3369662.2699680403,-82.30280994992106,0.9968223819698989,5923239.685523984,-770.06
"2025-05-29 00:00:00.000 UTC","xAVAX",3369744.5727779903,0,0.7706162859558476,5924009.745523984,1165.1865013831368
"2025-05-28 00:00:00.000 UTC","xAVAX",3369744.5727779903,13.07996807224967,0.784381766972902,5922844.559022601,-353.04
"2025-05-28 00:00:00.000 UTC","aUSD",3369744.5727779903,13.07996807224967,0.9918635845263034,5922844.559022601,-353.04
"2025-05-27 00:00:00.000 UTC","xAVAX",3369731.492809918,1132.6482711030276,0.7853392177825751,5923197.599022601,1773.2904347889212
"2025-05-27 00:00:00.000 UTC","aUSD",3369731.492809918,1132.6482711030276,1.001051998784232,5923197.599022601,1773.2904347889212
"2025-05-26 00:00:00.000 UTC","xAVAX",3368598.844538815,14455.240001812472,0.7795627948415986,5921424.308587812,-2230.904140227074
"2025-05-26 00:00:00.000 UTC","aUSD",3368598.844538815,14455.240001812472,0.9997504054770291,5921424.308587812,-2230.904140227074
"2025-05-25 00:00:00.000 UTC","xAVAX",3354143.6045370023,0,0.7297006036239931,5923655.212728039,3583.4625266694275
"2025-05-24 00:00:00.000 UTC","aUSD",3354143.6045370023,144.79272547759015,1.0097210765866926,5920071.75020137,6006.267321424775
"2025-05-24 00:00:00.000 UTC","xAVAX",3354143.6045370023,144.79272547759015,0.7705913776430575,5920071.75020137,6006.267321424775
"2025-05-23 00:00:00.000 UTC","xAVAX",3353998.811811525,0,0.8691293586855104,5914065.482879945,-31.952383097741404
"2025-05-22 00:00:00.000 UTC","xAVAX",3353998.811811525,8258.87975787504,0.8540657100187523,5914097.435263043,1075.5260896239938
"2025-05-22 00:00:00.000 UTC","aUSD",3353998.811811525,8258.87975787504,0.973310396755996,5914097.435263043,1075.5260896239938
"2025-05-21 00:00:00.000 UTC","xAVAX",3345739.93205365,5754.2996703520985,0.7524739179684741,5913021.90917342,3512.3867035771873
"2025-05-21 00:00:00.000 UTC","aUSD",3345739.93205365,5754.2996703520985,1.0024758714952922,5913021.90917342,3512.3867035771873
"2025-05-20 00:00:00.000 UTC","xAVAX",3339985.6323832977,0,0.7191497262144142,5909509.522469843,-138.12
"2025-05-19 00:00:00.000 UTC","aUSD",3339985.6323832977,-27206.149349199448,1.0224386545209765,5909647.642469843,-32090.75344516822
"2025-05-19 00:00:00.000 UTC","xAVAX",3339985.6323832977,-27206.149349199448,0.6917574152729312,5909647.642469843,-32090.75344516822
"2025-05-18 00:00:00.000 UTC","xAVAX",3367191.7817324973,5012.8179339550325,0.7243536638483828,5941738.395915011,911.5315536848088
"2025-05-18 00:00:00.000 UTC","aUSD",3367191.7817324973,5012.8179339550325,1.0226012897125487,5941738.395915011,911.5315536848088
"2025-05-17 00:00:00.000 UTC","xAVAX",3362178.963798542,6606.474287549284,0.7409381235102125,5940826.864361326,8432.916623930587
"2025-05-17 00:00:00.000 UTC","aUSD",3362178.963798542,6606.474287549284,1.0060394115089093,5940826.864361326,8432.916623930587
"2025-05-16 00:00:00.000 UTC","xAVAX",3355572.4895109925,-2995.609157091699,0.7971264944036239,5932393.947737396,373.426600444438
"2025-05-16 00:00:00.000 UTC","aUSD",3355572.4895109925,-2995.609157091699,1.0016135202336105,5932393.947737396,373.426600444438
"2025-05-15 00:00:00.000 UTC","xAVAX",3358568.098668084,18.42940129998701,0.8210854621089416,5932020.521136952,7049.621128976089
"2025-05-15 00:00:00.000 UTC","aUSD",3358568.098668084,18.42940129998701,0.9729884927582043,5932020.521136952,7049.621128976089
"2025-05-14 00:00:00.000 UTC","aUSD",3358549.669266784,-5411.722644409382,1.0067698185408258,5924970.900007975,0
"2025-05-13 00:00:00.000 UTC","aUSD",3363961.3919111933,59744.01470608748,0.9972049208786763,5924970.900007975,5862.900071727022
"2025-05-13 00:00:00.000 UTC","xAVAX",3363961.3919111933,59744.01470608748,0.8536991131066954,5924970.900007975,5862.900071727022
"2025-05-12 00:00:00.000 UTC","aUSD",3304217.377205106,-9155.140330527202,1.001503617123978,5919107.999936248,-35875.62634546505
"2025-05-12 00:00:00.000 UTC","xAVAX",3304217.377205106,-9155.140330527202,0.8803488300468173,5919107.999936248,-35875.62634546505
"2025-05-11 00:00:00.000 UTC","xAVAX",3313372.517535633,3100.752026205004,0.8761992620067501,5954983.626281713,-531.53
"2025-05-11 00:00:00.000 UTC","aUSD",3313372.517535633,3100.752026205004,1.003302090348472,5954983.626281713,-531.53
"2025-05-10 00:00:00.000 UTC","aUSD",3310271.765509428,-233.0287224019425,0.9559942474274484,5955515.156281713,-36009.2341410114
"2025-05-10 00:00:00.000 UTC","xAVAX",3310271.765509428,-233.0287224019425,0.8563122879234714,5955515.156281713,-36009.2341410114
"2025-05-09 00:00:00.000 UTC","xAVAX",3310504.79423183,1814.2691910086494,0.76017394826658,5991524.390422725,-43614.7316601714
"2025-05-09 00:00:00.000 UTC","aUSD",3310504.79423183,1814.2691910086494,0.9871680903699442,5991524.390422725,-43614.7316601714
"2025-05-08 00:00:00.000 UTC","aUSD",3308690.5250408216,36690.93823434997,0.9952927003715308,6035139.1220828965,-55.76
"2025-05-08 00:00:00.000 UTC","xAVAX",3308690.5250408216,36690.93823434997,0.6081034489885445,6035139.1220828965,-55.76
"2025-05-07 00:00:00.000 UTC","xAVAX",3271999.5868064715,868.853047372895,0.5766105368408809,6035194.882082896,3.2992334571258937
"2025-05-07 00:00:00.000 UTC","aUSD",3271999.5868064715,868.853047372895,1.0166269537856416,6035194.882082896,3.2992334571258937
"2025-05-06 00:00:00.000 UTC","xAVAX",3271130.7337590987,-12.15,0.5690372521147199,6035191.582849439,-3240.0699999999997
"2025-05-06 00:00:00.000 UTC","aUSD",3271130.7337590987,-12.15,0.9920664238228183,6035191.582849439,-3240.0699999999997
"2025-05-05 00:00:00.000 UTC","aUSD",3271142.8837590986,14995.66537815229,0.9933744646329125,6038431.6528494395,9459.307041496413
"2025-05-05 00:00:00.000 UTC","xAVAX",3271142.8837590986,14995.66537815229,0.5827698660926535,6038431.6528494395,9459.307041496413
"2025-05-04 00:00:00.000 UTC","xAVAX",3256147.218380946,-843.2124178552461,0.5975045607827573,6028972.3458079435,6659.121806910195
"2025-05-04 00:00:00.000 UTC","aUSD",3256147.218380946,-843.2124178552461,1.0052685198688798,6028972.3458079435,6659.121806910195
"2025-05-03 00:00:00.000 UTC","xAVAX",3256990.4307988016,549.7562177289077,0.647173246077368,6022313.224001033,1349.643082929956
"2025-05-03 00:00:00.000 UTC","aUSD",3256990.4307988016,549.7562177289077,0.999735979698994,6022313.224001033,1349.643082929956
"2025-05-02 00:00:00.000 UTC","aUSD",3256440.6745810728,5206.019040919641,1.0122110997645788,6020963.580918103,-25352.941517461106
"2025-05-02 00:00:00.000 UTC","xAVAX",3256440.6745810728,5206.019040919641,0.6712721780841904,6020963.580918103,-25352.941517461106
"2025-05-01 00:00:00.000 UTC","aUSD",3251234.655540153,97727.28550270494,1.0146916360022613,6046316.522435565,2530.256678433685
"2025-05-01 00:00:00.000 UTC","xAVAX",3251234.655540153,97727.28550270494,0.6676307682604845,6046316.522435565,2530.256678433685
"2025-04-30 00:00:00.000 UTC","xAVAX",3153507.370037448,3891.379535574391,0.6610149224452411,6043786.26575713,3983.5970446291158
"2025-04-30 00:00:00.000 UTC","aUSD",3153507.370037448,3891.379535574391,0.9837015033773879,6043786.26575713,3983.5970446291158
"2025-04-29 00:00:00.000 UTC","aUSD",3149615.9905018737,332.9653380424068,0.9926077995833203,6039802.668712501,2299.590637056763
"2025-04-29 00:00:00.000 UTC","xAVAX",3149615.9905018737,332.9653380424068,0.6936848192641027,6039802.668712501,2299.590637056763
"2025-04-28 00:00:00.000 UTC","xAVAX",3149283.025163831,561.5246307179302,0.6852180663120984,6037503.078075444,-3528.3320696806595
"2025-04-28 00:00:00.000 UTC","aUSD",3149283.025163831,561.5246307179302,0.9994496840548232,6037503.078075444,-3528.3320696806595
"2025-04-27 00:00:00.000 UTC","xAVAX",3148721.5005331133,-3395.8518994767774,0.7069620871220434,6041031.410145125,-18.94
"2025-04-27 00:00:00.000 UTC","aUSD",3148721.5005331133,-3395.8518994767774,1.0087522912071032,6041031.410145125,-18.94
"2025-04-26 00:00:00.000 UTC","xAVAX",3152117.35243259,-645.91,0.7142395632592476,6041050.350145126,50063.06497101483
"2025-04-26 00:00:00.000 UTC","aUSD",3152117.35243259,-645.91,0.9978982902642444,6041050.350145126,50063.06497101483
"2025-04-25 00:00:00.000 UTC","aUSD",3152763.26243259,-50944.87606068278,1.0125773417262665,5990987.285174111,-37097.40665357304
"2025-04-25 00:00:00.000 UTC","xAVAX",3152763.26243259,-50944.87606068278,0.7245202720985606,5990987.285174111,-37097.40665357304
"2025-04-24 00:00:00.000 UTC","xAVAX",3203708.138493273,351111.4555608236,0.7138458540679653,6028084.691827684,269.5488519470973
"2025-04-24 00:00:00.000 UTC","aUSD",3203708.138493273,351111.4555608236,1.0038895535095844,6028084.691827684,269.5488519470973
"2025-04-23 00:00:00.000 UTC","xAVAX",2852596.6829324495,10097.112747930443,0.7312959541651242,6027815.142975736,-10718.957059299792
"2025-04-23 00:00:00.000 UTC","aUSD",2852596.6829324495,10097.112747930443,1.0100721568018403,6027815.142975736,-10718.957059299792
"2025-04-22 00:00:00.000 UTC","aUSD",2842499.570184519,99913.61173532133,0.9562153225955534,6038534.100035036,1340.1374905718053
"2025-04-22 00:00:00.000 UTC","xAVAX",2842499.570184519,99913.61173532133,0.6337305830248579,6038534.100035036,1340.1374905718053
"2025-04-21 00:00:00.000 UTC","xAVAX",2742585.958449198,-377.4725213441026,0.6135596261401243,6037193.9625444645,-1373.7538270747323
"2025-04-21 00:00:00.000 UTC","aUSD",2742585.958449198,-377.4725213441026,0.9916102155433185,6037193.9625444645,-1373.7538270747323
"2025-04-20 00:00:00.000 UTC","aUSD",2742963.430970542,197440.9650994303,1.0124205983259662,6038567.716371539,3055.0792910642467
"2025-04-20 00:00:00.000 UTC","xAVAX",2742963.430970542,197440.9650994303,0.5785975168993734,6038567.716371539,3055.0792910642467
"2025-04-19 00:00:00.000 UTC","xAVAX",2545522.465871112,-147.56984994903115,0.5882178224709698,6035512.637080475,4114.745215673269
"2025-04-19 00:00:00.000 UTC","aUSD",2545522.465871112,-147.56984994903115,0.9772734939104215,6035512.637080475,4114.745215673269
"2025-04-18 00:00:00.000 UTC","aUSD",2545670.035721061,152269.92224786623,0.9960103741796066,6031397.891864802,1969.536306795681
"2025-04-18 00:00:00.000 UTC","xAVAX",2545670.035721061,152269.92224786623,0.5530257984717392,6031397.891864802,1969.536306795681
"2025-04-17 00:00:00.000 UTC","aUSD",2393400.1134731947,3498.1736123508917,1.0024379050269274,6029428.355558006,1081.1077468200021
"2025-04-17 00:00:00.000 UTC","xAVAX",2393400.1134731947,3498.1736123508917,0.5616525609267602,6029428.355558006,1081.1077468200021
"2025-04-16 00:00:00.000 UTC","xAVAX",2389901.9398608436,250354.24194313044,0.5449707153127773,6028347.247811186,757.7524371682675
"2025-04-16 00:00:00.000 UTC","aUSD",2389901.9398608436,250354.24194313044,0.9999425072250163,6028347.247811186,757.7524371682675
"2025-04-15 00:00:00.000 UTC","xAVAX",2139547.6979177133,1432.6689578809567,0.5728258958002398,6027589.495374017,3737.838402314068
"2025-04-15 00:00:00.000 UTC","aUSD",2139547.6979177133,1432.6689578809567,0.9894906441774528,6027589.495374017,3737.838402314068
"2025-04-14 00:00:00.000 UTC","xAVAX",2138115.028959832,123.9723884569821,0.6053639602296079,6023851.656971703,276.42180242968857
"2025-04-14 00:00:00.000 UTC","aUSD",2138115.028959832,123.9723884569821,0.9980201245644671,6023851.656971703,276.42180242968857
"2025-04-13 00:00:00.000 UTC","aUSD",2137991.056571375,125257.41944778051,1.0097956523086098,6023575.235169274,575.6421844272147
"2025-04-13 00:00:00.000 UTC","xAVAX",2137991.056571375,125257.41944778051,0.6035223533204666,6023575.235169274,575.6421844272147
"2025-04-12 00:00:00.000 UTC","aUSD",2012733.6371235945,199787.95825934762,1.0343867556308817,6022999.592984847,240.06657861854222
"2025-04-12 00:00:00.000 UTC","xAVAX",2012733.6371235945,199787.95825934762,0.5720597998485625,6022999.592984847,240.06657861854222
"2025-04-11 00:00:00.000 UTC","aUSD",1812945.678864247,-1036.381661804529,1.004848793205135,6022759.526406229,5695.006532543456
"2025-04-11 00:00:00.000 UTC","xAVAX",1812945.678864247,-1036.381661804529,0.5418581867822225,6022759.526406229,5695.006532543456
"2025-04-10 00:00:00.000 UTC","xAVAX",1813982.0605260516,416.682690907422,0.507962175103375,6017064.519873685,-15721.099999999999
"2025-04-10 00:00:00.000 UTC","aUSD",1813982.0605260516,416.682690907422,1.0001197798072148,6017064.519873685,-15721.099999999999
"2025-04-09 00:00:00.000 UTC","xAVAX",1813565.377835144,-9264.974486636942,0.44451843686821946,6032785.619873685,-11526.417754362232
"2025-04-09 00:00:00.000 UTC","aUSD",1813565.377835144,-9264.974486636942,0.9316940873462433,6032785.619873685,-11526.417754362232
"2025-04-08 00:00:00.000 UTC","aUSD",1822830.352321781,-881.0758468951963,1.002618061145295,6044312.037628047,3404.5370450842047
"2025-04-08 00:00:00.000 UTC","xAVAX",1822830.352321781,-881.0758468951963,0.44371543455957135,6044312.037628047,3404.5370450842047
"2025-04-07 00:00:00.000 UTC","aUSD",1823711.428168676,-78230.7,1.0385349494506744,6040907.500582963,-114008.15316741297
"2025-04-07 00:00:00.000 UTC","xAVAX",1823711.428168676,-78230.7,0.40633831018285615,6040907.500582963,-114008.15316741297
"2025-04-06 00:00:00.000 UTC","aUSD",1901942.128168676,-24409.63244087469,1.015833841671051,6154915.653750376,16337.441898518458
"2025-04-06 00:00:00.000 UTC","xAVAX",1901942.128168676,-24409.63244087469,0.4463918851561998,6154915.653750376,16337.441898518458
"2025-04-05 00:00:00.000 UTC","xAVAX",1926351.7606095506,250806.7716473157,0.5014228055510618,6138578.211851858,-4972.4899260815255
"2025-04-05 00:00:00.000 UTC","aUSD",1926351.7606095506,250806.7716473157,1.012663998832122,6138578.211851858,-4972.4899260815255
"2025-04-04 00:00:00.000 UTC","aUSD",1675544.988962235,-23000.681672279574,1.0010300266957823,6143550.701777939,20753.548169628488
"2025-04-04 00:00:00.000 UTC","xAVAX",1675544.988962235,-23000.681672279574,0.5164290844011551,6143550.701777939,20753.548169628488
"2025-04-03 00:00:00.000 UTC","xAVAX",1698545.6706345144,-111443.11410652963,0.5040881014979168,6122797.15360831,-72177.93813023546
"2025-04-03 00:00:00.000 UTC","aUSD",1698545.6706345144,-111443.11410652963,1.0124035322117064,6122797.15360831,-72177.93813023546
"2025-04-02 00:00:00.000 UTC","xAVAX",1809988.784741044,-512.9888996904706,0.5603428865805649,6194975.091738545,1072.5025236180861
"2025-04-02 00:00:00.000 UTC","aUSD",1809988.784741044,-512.9888996904706,1.0166263846361656,6194975.091738545,1072.5025236180861
"2025-04-01 00:00:00.000 UTC","xAVAX",1810501.7736407346,0,0.555436879724199,6193902.5892149275,418.922828710304
"2025-03-31 00:00:00.000 UTC","aUSD",1810501.7736407346,3457.880200812533,1.0028048534212617,6193483.666386217,12958.052926348963
"2025-03-31 00:00:00.000 UTC","xAVAX",1810501.7736407346,3457.880200812533,0.5369128162011296,6193483.666386217,12958.052926348963
"2025-03-30 00:00:00.000 UTC","aUSD",1807043.893439922,7607.5657138154065,1.0013138258639958,6180525.613459868,844.188906014884
"2025-03-30 00:00:00.000 UTC","xAVAX",1807043.893439922,7607.5657138154065,0.5608099481906162,6180525.613459868,844.188906014884
"2025-03-29 00:00:00.000 UTC","xAVAX",1799436.3277261066,25000.246333240422,0.5983641157701073,6179681.424553853,5782.848690064301
"2025-03-29 00:00:00.000 UTC","aUSD",1799436.3277261066,25000.246333240422,1.013748996461923,6179681.424553853,5782.848690064301
"2025-03-28 00:00:00.000 UTC","aUSD",1774436.081392866,14417.73961173684,1.001801338651988,6173898.575863789,-11118.980461901303
"2025-03-28 00:00:00.000 UTC","xAVAX",1774436.081392866,14417.73961173684,0.6170965247333179,6173898.575863789,-11118.980461901303
"2025-03-27 00:00:00.000 UTC","xAVAX",1760018.3417811294,-1559.3887065079007,0.6765384644903484,6185017.55632569,-7325.64054031436
"2025-03-27 00:00:00.000 UTC","aUSD",1760018.3417811294,-1559.3887065079007,0.9926915095477832,6185017.55632569,-7325.64054031436
"2025-03-26 00:00:00.000 UTC","xAVAX",1761577.7304876372,-5617.94038900345,0.7032004067328875,6192343.196866004,16770.426897216053
"2025-03-26 00:00:00.000 UTC","aUSD",1761577.7304876372,-5617.94038900345,1.0058943625239858,6192343.196866004,16770.426897216053
"2025-03-25 00:00:00.000 UTC","xAVAX",1767195.6708766406,-943.4624476045344,0.6938331396545286,6175572.769968788,23592.068215002146
"2025-03-25 00:00:00.000 UTC","aUSD",1767195.6708766406,-943.4624476045344,1.0117829960093783,6175572.769968788,23592.068215002146
"2025-03-24 00:00:00.000 UTC","aUSD",1768139.1333242452,-9.326197072980342,0.9900167210074982,6151980.701753786,906.3461047254955
"2025-03-24 00:00:00.000 UTC","xAVAX",1768139.1333242452,-9.326197072980342,0.653697402039106,6151980.701753786,906.3461047254955
"2025-03-23 00:00:00.000 UTC","xAVAX",1768148.4595213183,168.66954473636738,0.5703036972051074,6151074.355649061,-319.11983857317944
"2025-03-23 00:00:00.000 UTC","aUSD",1768148.4595213183,168.66954473636738,0.9994286460864534,6151074.355649061,-319.11983857317944
"2025-03-22 00:00:00.000 UTC","xAVAX",1767979.789976582,2007.1460179734809,0.568193157607427,6151393.475487634,8919.18320014992
"2025-03-22 00:00:00.000 UTC","aUSD",1767979.789976582,2007.1460179734809,1.006481172981308,6151393.475487634,8919.18320014992
"2025-03-21 00:00:00.000 UTC","aUSD",1765972.6439586084,9734.023763871795,1.0091495987218784,6142474.292287484,-860.5456425280775
"2025-03-21 00:00:00.000 UTC","xAVAX",1765972.6439586084,9734.023763871795,0.5365123275181554,6142474.292287484,-860.5456425280775
"2025-03-20 00:00:00.000 UTC","aUSD",1756238.6201947366,483.5883340228349,0.9871659068336222,6143334.837930012,-82085.55487281438
"2025-03-20 00:00:00.000 UTC","xAVAX",1756238.6201947366,483.5883340228349,0.5434954793571438,6143334.837930012,-82085.55487281438
"2025-03-19 00:00:00.000 UTC","aUSD",1755755.0318607138,60679.10911413836,0.9906030265019572,6225420.392802826,159199.35219241332
"2025-03-19 00:00:00.000 UTC","xAVAX",1755755.0318607138,60679.10911413836,0.5693233104532068,6225420.392802826,159199.35219241332
"2025-03-18 00:00:00.000 UTC","xAVAX",1695075.9227465754,752.3566501165272,0.5336174942297972,6066221.040610413,125.15783531343732
"2025-03-18 00:00:00.000 UTC","aUSD",1695075.9227465754,752.3566501165272,1.0072696478498229,6066221.040610413,125.15783531343732
"2025-03-17 00:00:00.000 UTC","xAVAX",1694323.5660964588,156.17030754485032,0.5345300486200241,6066095.8827751,897.0077565117567
"2025-03-17 00:00:00.000 UTC","aUSD",1694323.5660964588,156.17030754485032,1.0074877050177393,6066095.8827751,897.0077565117567
"2025-03-16 00:00:00.000 UTC","xAVAX",1694167.395788914,59.76191401972673,0.5373143054823506,6065198.875018588,-378.82185961204686
"2025-03-16 00:00:00.000 UTC","aUSD",1694167.395788914,59.76191401972673,0.9739863797978477,6065198.875018588,-378.82185961204686
"2025-03-15 00:00:00.000 UTC","xAVAX",1694107.6338748944,621.8252453542722,0.5414370182340688,6065577.6968782,1521.407989789218
"2025-03-15 00:00:00.000 UTC","aUSD",1694107.6338748944,621.8252453542722,0.9957292891018844,6065577.6968782,1521.407989789218
"2025-03-14 00:00:00.000 UTC","xAVAX",1693485.80862954,-8890.02869716244,0.5390131739912005,6064056.288888412,9708.997375983927
"2025-03-14 00:00:00.000 UTC","aUSD",1693485.80862954,-8890.02869716244,0.995821087186119,6064056.288888412,9708.997375983927
"2025-03-13 00:00:00.000 UTC","xAVAX",1702375.8373267024,15325.802505865602,0.5276824680772808,6054347.291512428,2165.979988212497
"2025-03-13 00:00:00.000 UTC","aUSD",1702375.8373267024,15325.802505865602,1.0112711934292218,6054347.291512428,2165.979988212497
"2025-03-12 00:00:00.000 UTC","aUSD",1687050.0348208367,676.6855150917418,1.0499697143782765,6052181.311524215,15935.42645746064
"2025-03-12 00:00:00.000 UTC","xAVAX",1687050.0348208367,676.6855150917418,0.5101443991277889,6052181.311524215,15935.42645746064
"2025-03-11 00:00:00.000 UTC","aUSD",1686373.349305745,-89141.12292735832,1.0053791677248163,6036245.885066754,7940.201139278884
"2025-03-11 00:00:00.000 UTC","xAVAX",1686373.349305745,-89141.12292735832,0.45684149206221536,6036245.885066754,7940.201139278884
"2025-03-10 00:00:00.000 UTC","aUSD",1775514.4722331034,-20355.8806835549,0.9822156912960903,6028305.6839274755,31452.10880131731
"2025-03-10 00:00:00.000 UTC","xAVAX",1775514.4722331034,-20355.8806835549,0.4923899868114735,6028305.6839274755,31452.10880131731
"2025-03-09 00:00:00.000 UTC","xAVAX",1795870.3529166582,-41778.59669480683,0.5492320015848717,5996853.575126158,33002.22744941037
"2025-03-09 00:00:00.000 UTC","aUSD",1795870.3529166582,-41778.59669480683,1.0733118761013631,5996853.575126158,33002.22744941037
"2025-03-08 00:00:00.000 UTC","xAVAX",1837648.949611465,1776.9590707932905,0.6103561875445784,5963851.3476767475,-16685.559021824025
"2025-03-08 00:00:00.000 UTC","aUSD",1837648.949611465,1776.9590707932905,0.994864382726241,5963851.3476767475,-16685.559021824025
"2025-03-07 00:00:00.000 UTC","xAVAX",1835871.9905406716,-8443.66727175619,0.6179840881993873,5980536.9066985715,444.7719250465539
"2025-03-07 00:00:00.000 UTC","aUSD",1835871.9905406716,-8443.66727175619,1.017663620672583,5980536.9066985715,444.7719250465539
"2025-03-06 00:00:00.000 UTC","xAVAX",1844315.6578124277,33336.92182221458,0.6807241902544732,5980092.134773525,160811.10884016444
"2025-03-06 00:00:00.000 UTC","aUSD",1844315.6578124277,33336.92182221458,1.0086009273685415,5980092.134773525,160811.10884016444
"2025-03-05 00:00:00.000 UTC","xAVAX",1810978.7359902132,-8128.961841840617,0.6230725382048494,5819281.025933361,69307.23907877176
"2025-03-05 00:00:00.000 UTC","aUSD",1810978.7359902132,-8128.961841840617,0.9843357510915716,5819281.025933361,69307.23907877176
"2025-03-04 00:00:00.000 UTC","aUSD",1819107.6978320538,-42066.06944198442,1.0039616824665802,5749973.786854589,-70664.1067328872
"2025-03-04 00:00:00.000 UTC","xAVAX",1819107.6978320538,-42066.06944198442,0.5932253952130059,5749973.786854589,-70664.1067328872
"2025-03-03 00:00:00.000 UTC","xAVAX",1861173.7672740382,-13722.883203125515,0.7207962001647198,5820637.893587477,59373.27390563343
"2025-03-03 00:00:00.000 UTC","aUSD",1861173.7672740382,-13722.883203125515,1.0619507684341738,5820637.893587477,59373.27390563343
"2025-03-02 00:00:00.000 UTC","aUSD",1874896.6504771637,-67736.78285100451,0.9302044170971522,5761264.619681844,711196.8163361409
"2025-03-02 00:00:00.000 UTC","xAVAX",1874896.6504771637,-67736.78285100451,0.7437812054064975,5761264.619681844,711196.8163361409
"2025-03-01 00:00:00.000 UTC","xAVAX",1942633.4333281682,257.7199599047258,0.661500326138579,5050067.803345703,-895.2760052596688
"2025-03-01 00:00:00.000 UTC","aUSD",1942633.4333281682,257.7199599047258,1.0218479300456678,5050067.803345703,-895.2760052596688
"2025-02-28 00:00:00.000 UTC","aUSD",1942375.7133682636,-84712.41248329013,1.0178437779800937,5050963.079350962,-831.1222223278364
"2025-02-28 00:00:00.000 UTC","xAVAX",1942375.7133682636,-84712.41248329013,0.6387230025003879,5050963.079350962,-831.1222223278364
"2025-02-27 00:00:00.000 UTC","xAVAX",2027088.1258515536,-4832.251988525644,0.7153799443577877,5051794.20157329,324936.0940331366
"2025-02-27 00:00:00.000 UTC","aUSD",2027088.1258515536,-4832.251988525644,1.0123055921488768,5051794.20157329,324936.0940331366
"2025-02-26 00:00:00.000 UTC","aUSD",2031920.3778400794,-9589.235997989272,0.9958818344739191,4726858.107540153,-93162.94184252605
"2025-02-26 00:00:00.000 UTC","xAVAX",2031920.3778400794,-9589.235997989272,0.6764829501899094,4726858.107540153,-93162.94184252605
"2025-02-25 00:00:00.000 UTC","xAVAX",2041509.6138380687,11287.079451636206,0.6528509850905133,4820021.049382679,187497.14768093603
"2025-02-25 00:00:00.000 UTC","aUSD",2041509.6138380687,11287.079451636206,0.9986639868217654,4820021.049382679,187497.14768093603
"2025-02-24 00:00:00.000 UTC","xAVAX",2030222.5343864325,-14823.182741572862,0.7555379614717425,4632523.901701743,74048.92234594305
"2025-02-24 00:00:00.000 UTC","aUSD",2030222.5343864325,-14823.182741572862,0.9744679197882395,4632523.901701743,74048.92234594305
"2025-02-23 00:00:00.000 UTC","xAVAX",2045045.7171280053,2359.4370530871993,0.8331745379073596,4558474.9793558,-4433.307540675803
"2025-02-23 00:00:00.000 UTC","aUSD",2045045.7171280053,2359.4370530871993,0.9908147848978216,4558474.9793558,-4433.307540675803
"2025-02-22 00:00:00.000 UTC","xAVAX",2042686.2800749182,867.5943681990236,0.8605967638202534,4562908.286896476,1793.7952614309124
"2025-02-22 00:00:00.000 UTC","aUSD",2042686.2800749182,867.5943681990236,1.0006070362640673,4562908.286896476,1793.7952614309124
"2025-02-21 00:00:00.000 UTC","aUSD",2041818.685706719,-21679.60857898523,0.9874637697423114,4561114.491635045,-122615.31276577181
"2025-02-21 00:00:00.000 UTC","xAVAX",2041818.685706719,-21679.60857898523,0.8422118830950649,4561114.491635045,-122615.31276577181
"2025-02-20 00:00:00.000 UTC","xAVAX",2063498.2942857044,-1310.4697250776753,0.8072530529365156,4683729.804400817,18267.650784269033
"2025-02-20 00:00:00.000 UTC","aUSD",2063498.2942857044,-1310.4697250776753,0.9825668331893099,4683729.804400817,18267.650784269033
"2025-02-19 00:00:00.000 UTC","aUSD",2064808.7640107821,-42466.957165610824,0.9887889506291935,4665462.153616548,-46850.44756048501
"2025-02-19 00:00:00.000 UTC","xAVAX",2064808.7640107821,-42466.957165610824,0.7592191511113203,4665462.153616548,-46850.44756048501
"2025-02-18 00:00:00.000 UTC","xAVAX",2107275.721176393,-28962.472606228283,0.7735606396042203,4712312.601177033,92534.0319536925
"2025-02-18 00:00:00.000 UTC","aUSD",2107275.721176393,-28962.472606228283,0.9821454846992301,4712312.601177033,92534.0319536925
"2025-02-17 00:00:00.000 UTC","aUSD",2136238.193782621,17004.938988119775,1.0182905123974693,4619778.569223341,33876.149180376786
"2025-02-17 00:00:00.000 UTC","xAVAX",2136238.193782621,17004.938988119775,0.8364139878719079,4619778.569223341,33876.149180376786
"2025-02-16 00:00:00.000 UTC","xAVAX",2119233.2547945012,-6034.928608072458,0.8423561728762179,4585902.420042964,39815.80668273234
"2025-02-16 00:00:00.000 UTC","aUSD",2119233.2547945012,-6034.928608072458,0.9894536751161452,4585902.420042964,39815.80668273234
"2025-02-15 00:00:00.000 UTC","aUSD",2125268.1834025737,126.19810354972165,0.9933049720308872,4546086.613360232,-43676.18988084222
"2025-02-15 00:00:00.000 UTC","xAVAX",2125268.1834025737,126.19810354972165,0.897521647216864,4546086.613360232,-43676.18988084222
"2025-02-14 00:00:00.000 UTC","xAVAX",2125141.985299024,339.2960418848254,0.8835006998645665,4589762.803241074,-59102.04920229041
"2025-02-14 00:00:00.000 UTC","aUSD",2125141.985299024,339.2960418848254,1.0077310915552964,4589762.803241074,-59102.04920229041
"2025-02-13 00:00:00.000 UTC","aUSD",2124802.689257139,2225.630812698902,1.0114393631898526,4648864.852443364,56873.699290743025
"2025-02-13 00:00:00.000 UTC","xAVAX",2124802.689257139,2225.630812698902,0.8676813061166031,4648864.852443364,56873.699290743025
"2025-02-12 00:00:00.000 UTC","xAVAX",2122577.05844444,-5538.9934039958625,0.8504477701681113,4591991.153152621,-18488.00943639235
"2025-02-12 00:00:00.000 UTC","aUSD",2122577.05844444,-5538.9934039958625,1.0000921536644134,4591991.153152621,-18488.00943639235
"2025-02-11 00:00:00.000 UTC","xAVAX",2128116.051848436,77109.25623113244,0.8957336741066448,4610479.162589014,233128.86348887175
"2025-02-11 00:00:00.000 UTC","aUSD",2128116.051848436,77109.25623113244,0.9987356980974436,4610479.162589014,233128.86348887175
"2025-02-10 00:00:00.000 UTC","xAVAX",2051006.795617303,0,0.8541930020828745,4377350.299100142,10727.318410049305
"2025-02-09 00:00:00.000 UTC","aUSD",2051006.795617303,-32257.96,1.0028577708955446,4366622.980690093,-121086.46400710025
"2025-02-09 00:00:00.000 UTC","xAVAX",2051006.795617303,-32257.96,0.8214856457624661,4366622.980690093,-121086.46400710025
"2025-02-08 00:00:00.000 UTC","xAVAX",2083264.755617303,-154787.5317307793,0.8014539976988295,4487709.444697193,67477.90175193596
"2025-02-08 00:00:00.000 UTC","aUSD",2083264.755617303,-154787.5317307793,0.9965712233280312,4487709.444697193,67477.90175193596
"2025-02-07 00:00:00.000 UTC","aUSD",2238052.2873480823,-15686.060000000001,1.005278194244462,4420231.542945256,0
"2025-02-06 00:00:00.000 UTC","xAVAX",2253738.3473480823,-2731.2579832813735,0.8686199539477854,4420231.542945256,9402.190345206709
"2025-02-06 00:00:00.000 UTC","aUSD",2253738.3473480823,-2731.2579832813735,0.9819020720537162,4420231.542945256,9402.190345206709
"2025-02-05 00:00:00.000 UTC","xAVAX",2256469.6053313636,-4979.01083100437,0.9139230339248946,4410829.35260005,2958.7941744144173
"2025-02-05 00:00:00.000 UTC","aUSD",2256469.6053313636,-4979.01083100437,0.9903631543735243,4410829.35260005,2958.7941744144173
"2025-02-04 00:00:00.000 UTC","xAVAX",2261448.616162368,5542.19342643735,0.9298854760523667,4407870.558425636,43785.29021931533
"2025-02-04 00:00:00.000 UTC","aUSD",2261448.616162368,5542.19342643735,0.9837202114336034,4407870.558425636,43785.29021931533
"2025-02-03 00:00:00.000 UTC","aUSD",2255906.422735931,-13663.863171685134,1.029379064240382,4364085.268206321,81781.5087590502
"2025-02-03 00:00:00.000 UTC","xAVAX",2255906.422735931,-13663.863171685134,0.8929792945556128,4364085.268206321,81781.5087590502
"2025-02-02 00:00:00.000 UTC","xAVAX",2269570.285907616,773.1659049937552,1.0886902542755788,4282303.75944727,36013.110221965144
"2025-02-02 00:00:00.000 UTC","aUSD",2269570.285907616,773.1659049937552,1.0239059737686287,4282303.75944727,36013.110221965144
"2025-02-01 00:00:00.000 UTC","aUSD",2268797.1200026223,21544.965864427802,1.0486145854640283,4246290.649225305,1816.0571814909486
"2025-02-01 00:00:00.000 UTC","xAVAX",2268797.1200026223,21544.965864427802,1.308738263316782,4246290.649225305,1816.0571814909486
"2025-01-31 00:00:00.000 UTC","xAVAX",2247252.1541381944,1090.2812175858362,1.3645121646368374,4244474.592043814,6648.6120441336025
"2025-01-31 00:00:00.000 UTC","aUSD",2247252.1541381944,1090.2812175858362,1.0114217627765203,4244474.592043814,6648.6120441336025
"2025-01-30 00:00:00.000 UTC","xAVAX",2246161.8729206086,900.4041596228209,1.3270714982071206,4237825.979999681,7970.474583732516
"2025-01-30 00:00:00.000 UTC","aUSD",2246161.8729206086,900.4041596228209,0.9881196248607546,4237825.979999681,7970.474583732516
"2025-01-29 00:00:00.000 UTC","xAVAX",2245261.468760986,1157.2951500766553,1.2669690834351475,4229855.505415948,467.69561363582034
"2025-01-29 00:00:00.000 UTC","aUSD",2245261.468760986,1157.2951500766553,1.0158737963236082,4229855.505415948,467.69561363582034
"2025-01-28 00:00:00.000 UTC","aUSD",2244104.1736109094,345.41167005646696,1.0087784293931676,4229387.809802312,-3246.282353385689
"2025-01-28 00:00:00.000 UTC","xAVAX",2244104.1736109094,345.41167005646696,1.3061910186102894,4229387.809802312,-3246.282353385689
"2025-01-27 00:00:00.000 UTC","xAVAX",2243758.7619408527,-1386.9349762783277,1.321560851488644,4232634.092155698,-59143.508023274364
"2025-01-27 00:00:00.000 UTC","aUSD",2243758.7619408527,-1386.9349762783277,0.9888517054302219,4232634.092155698,-59143.508023274364
"2025-01-26 00:00:00.000 UTC","xAVAX",2245145.696917131,9383.585374734595,1.508381800362981,4291777.600178972,-5954.037127999259
"2025-01-26 00:00:00.000 UTC","aUSD",2245145.696917131,9383.585374734595,0.9966886849516855,4291777.600178972,-5954.037127999259
"2025-01-25 00:00:00.000 UTC","aUSD",2235762.1115423967,1176.7927465900198,1.0072135087455605,4297731.6373069715,-7679.852992519602
"2025-01-25 00:00:00.000 UTC","xAVAX",2235762.1115423967,1176.7927465900198,1.4449657991057816,4297731.6373069715,-7679.852992519602
"2025-01-24 00:00:00.000 UTC","aUSD",2234585.3187958067,666.1737455316962,0.9979594872124129,4305411.490299491,-32970.05886511733
"2025-01-24 00:00:00.000 UTC","xAVAX",2234585.3187958067,666.1737455316962,1.4207550864204532,4305411.490299491,-32970.05886511733
"2025-01-23 00:00:00.000 UTC","xAVAX",2233919.145050275,32923.19021085123,1.4134887884243854,4338381.549164608,9200.059061313574
"2025-01-23 00:00:00.000 UTC","aUSD",2233919.145050275,32923.19021085123,0.9987791425041743,4338381.549164608,9200.059061313574
"2025-01-22 00:00:00.000 UTC","xAVAX",2200995.9548394238,1017.7540449978593,1.4861756905575674,4329181.490103294,-451.16823304232855
"2025-01-22 00:00:00.000 UTC","aUSD",2200995.9548394238,1017.7540449978593,0.9967707473744282,4329181.490103294,-451.16823304232855
"2025-01-21 00:00:00.000 UTC","aUSD",2199978.200794426,462.4159700789138,0.989869996177055,4329632.658336337,176.8051404464293
"2025-01-21 00:00:00.000 UTC","xAVAX",2199978.200794426,462.4159700789138,1.455261785625733,4329632.658336337,176.8051404464293
"2025-01-20 00:00:00.000 UTC","xAVAX",2199515.7848243467,-1446.8693553777593,1.4779800515855643,4329455.85319589,3146.3720288981967
"2025-01-20 00:00:00.000 UTC","aUSD",2199515.7848243467,-1446.8693553777593,0.9564113192480838,4329455.85319589,3146.3720288981967
"2025-01-19 00:00:00.000 UTC","xAVAX",2200962.6541797244,1239.5639560389557,1.566227404215368,4326309.481166991,61598.63395802283
"2025-01-19 00:00:00.000 UTC","aUSD",2200962.6541797244,1239.5639560389557,0.9910041791247937,4326309.481166991,61598.63395802283
"2025-01-18 00:00:00.000 UTC","xAVAX",2199723.0902236854,-466.0672489037313,1.6207427720464396,4264710.847208968,-3208.156325381411
"2025-01-18 00:00:00.000 UTC","aUSD",2199723.0902236854,-466.0672489037313,1.0137451225185092,4264710.847208968,-3208.156325381411
"2025-01-17 00:00:00.000 UTC","xAVAX",2200189.157472589,-5213.398454286054,1.7084139149478312,4267919.00353435,-5561.252024542142
"2025-01-17 00:00:00.000 UTC","aUSD",2200189.157472589,-5213.398454286054,0.9938517817214612,4267919.00353435,-5561.252024542142
"2025-01-16 00:00:00.000 UTC","xAVAX",2205402.555926875,2633.144520222612,1.6313796299691588,4273480.255558892,-1910.9745740643184
"2025-01-16 00:00:00.000 UTC","aUSD",2205402.555926875,2633.144520222612,1.0033389310086236,4273480.255558892,-1910.9745740643184
"2025-01-15 00:00:00.000 UTC","xAVAX",2202769.4114066525,291.1312736564165,1.5303708694628493,4275391.230132956,-4633.316295080386
"2025-01-15 00:00:00.000 UTC","aUSD",2202769.4114066525,291.1312736564165,0.9645920047285352,4275391.230132956,-4633.316295080386
"2025-01-14 00:00:00.000 UTC","xAVAX",2202478.280132996,3963.271160997683,1.4334815715291354,4280024.546428037,389.5435901526869
"2025-01-14 00:00:00.000 UTC","aUSD",2202478.280132996,3963.271160997683,0.9888826207683185,4280024.546428037,389.5435901526869
"2025-01-13 00:00:00.000 UTC","aUSD",2198515.0089719985,-15.42,1.0424964723680863,4279635.002837884,-119394.43748955565
"2025-01-13 00:00:00.000 UTC","xAVAX",2198515.0089719985,-15.42,1.3486718162562876,4279635.002837884,-119394.43748955565
"2025-01-12 00:00:00.000 UTC","aUSD",2198530.4289719984,1851.7741006549697,1.0020467670246267,4399029.440327439,-7847.162175447403
"2025-01-12 00:00:00.000 UTC","xAVAX",2198530.4289719984,1851.7741006549697,1.4758840416817018,4399029.440327439,-7847.162175447403
"2025-01-11 00:00:00.000 UTC","xAVAX",2196678.6548713436,1223.0367914892088,1.4573535596454612,4406876.602502887,-1484.8607842563126
"2025-01-11 00:00:00.000 UTC","aUSD",2196678.6548713436,1223.0367914892088,1.0071355673744968,4406876.602502887,-1484.8607842563126
"2025-01-10 00:00:00.000 UTC","aUSD",2195455.6180798546,-70327.24515535512,1.002441677504086,4408361.463287143,-2645.0512934916187
"2025-01-10 00:00:00.000 UTC","xAVAX",2195455.6180798546,-70327.24515535512,1.4835256718338983,4408361.463287143,-2645.0512934916187
"2025-01-09 00:00:00.000 UTC","xAVAX",2265782.8632352096,66526.2379423731,1.4697991052327357,4411006.514580634,19986.97837184476
"2025-01-09 00:00:00.000 UTC","aUSD",2265782.8632352096,66526.2379423731,1.0135849085836122,4411006.514580634,19986.97837184476
"2025-01-08 00:00:00.000 UTC","xAVAX",2199256.6252928367,2147.9807275616113,1.5309072258455647,4391019.53620879,-32920.78157756926
"2025-01-08 00:00:00.000 UTC","aUSD",2199256.6252928367,2147.9807275616113,1.0058318687690935,4391019.53620879,-32920.78157756926
"2025-01-07 00:00:00.000 UTC","aUSD",2197108.644565275,16943.037960350848,1.0026447730588122,4423940.317786359,363.6565493013968
"2025-01-07 00:00:00.000 UTC","xAVAX",2197108.644565275,16943.037960350848,1.7571709124337198,4423940.317786359,363.6565493013968
"2025-01-06 00:00:00.000 UTC","aUSD",2180165.606604924,-992.7491625290616,1.020017979253116,4423576.661237058,-131.45237989430353
"2025-01-06 00:00:00.000 UTC","xAVAX",2180165.606604924,-992.7491625290616,1.850552309743011,4423576.661237058,-131.45237989430353
"2025-01-05 00:00:00.000 UTC","aUSD",2181158.355767453,7586.066479878413,1.0035937501038124,4423708.113616953,-315.7925728602278
"2025-01-05 00:00:00.000 UTC","xAVAX",2181158.355767453,7586.066479878413,1.7598178028153055,4423708.113616953,-315.7925728602278
"2025-01-04 00:00:00.000 UTC","aUSD",2173572.2892875746,-200880.7366341141,0.9932908151273058,4424023.906189813,239577.51766443145
"2025-01-04 00:00:00.000 UTC","xAVAX",2173572.2892875746,-200880.7366341141,1.7510555902414737,4424023.906189813,239577.51766443145
"2025-01-03 00:00:00.000 UTC","xAVAX",2374453.025921689,9019.45555016405,1.696867027494888,4184446.3885253817,-1629.7392653949373
"2025-01-03 00:00:00.000 UTC","aUSD",2374453.025921689,9019.45555016405,0.9997257416974376,4184446.3885253817,-1629.7392653949373
"2025-01-02 00:00:00.000 UTC","aUSD",2365433.570371525,210316.92225612813,0.9841537999442848,4186076.1277907765,157097.3506603172
"2025-01-02 00:00:00.000 UTC","xAVAX",2365433.570371525,210316.92225612813,1.61266005640746,4186076.1277907765,157097.3506603172
"2025-01-01 00:00:00.000 UTC","aUSD",2155116.648115397,16.35045957960917,0.9937932295983962,4028978.7771304594,178.17173872897922
"2025-01-01 00:00:00.000 UTC","xAVAX",2155116.648115397,16.35045957960917,1.4252308611733595,4028978.7771304594,178.17173872897922
"2024-12-31 00:00:00.000 UTC","xAVAX",2155100.2976558176,-36309.44824427173,1.4181082392739754,4028800.6053917306,-4829.373383840795
"2024-12-31 00:00:00.000 UTC","aUSD",2155100.2976558176,-36309.44824427173,0.9725168696596433,4028800.6053917306,-4829.373383840795
"2024-12-30 00:00:00.000 UTC","xAVAX",2191409.7459000894,-977.2636020647262,1.4306537805664412,4033629.9787755716,28.80346539379616
"2024-12-30 00:00:00.000 UTC","aUSD",2191409.7459000894,-977.2636020647262,0.9878083109144805,4033629.9787755716,28.80346539379616
"2024-12-29 00:00:00.000 UTC","xAVAX",2192387.0095021543,-502.13499185540945,1.4647549395775568,4033601.1753101777,3893.406044722537
"2024-12-29 00:00:00.000 UTC","aUSD",2192387.0095021543,-502.13499185540945,1.007837875613914,4033601.1753101777,3893.406044722537
"2024-12-28 00:00:00.000 UTC","xAVAX",2192889.1444940097,6447.716445698207,1.4817496601536273,4029707.769265455,420.3493555151042
"2024-12-28 00:00:00.000 UTC","aUSD",2192889.1444940097,6447.716445698207,1.0005645031267716,4029707.769265455,420.3493555151042
"2024-12-27 00:00:00.000 UTC","xAVAX",2186441.4280483113,1850.4503290987016,1.5007555171444389,4029287.41990994,1297.2846934051804
"2024-12-27 00:00:00.000 UTC","aUSD",2186441.4280483113,1850.4503290987016,1.0033216596903185,4029287.41990994,1297.2846934051804
"2024-12-26 00:00:00.000 UTC","xAVAX",2184590.9777192124,23.652134793111372,1.539376329514887,4027990.135216535,-37113.72992710811
"2024-12-26 00:00:00.000 UTC","aUSD",2184590.9777192124,23.652134793111372,1.0053871594379475,4027990.135216535,-37113.72992710811
"2024-12-25 00:00:00.000 UTC","xAVAX",2184567.3255844195,1461.1149641400184,1.692385418018025,4065103.865143643,5588.925756857621
"2024-12-25 00:00:00.000 UTC","aUSD",2184567.3255844195,1461.1149641400184,1.0027706026890488,4065103.865143643,5588.925756857621
"2024-12-24 00:00:00.000 UTC","aUSD",2183106.2106202794,-65074.49709373288,0.9773118775722253,4059514.9393867855,1198.5495466047628
"2024-12-24 00:00:00.000 UTC","xAVAX",2183106.2106202794,-65074.49709373288,1.611140840484005,4059514.9393867855,1198.5495466047628
"2024-12-23 00:00:00.000 UTC","xAVAX",2248180.7077140124,79200.20039131987,1.5024344513502141,4058316.3898401805,231.68155610473332
"2024-12-23 00:00:00.000 UTC","aUSD",2248180.7077140124,79200.20039131987,0.9483861986271098,4058316.3898401805,231.68155610473332
"2024-12-22 00:00:00.000 UTC","aUSD",2168980.5073226923,11147.172532015613,1.0001769670090497,4058084.708284076,26628.563833488548
"2024-12-22 00:00:00.000 UTC","xAVAX",2168980.5073226923,11147.172532015613,1.5001832152477537,4058084.708284076,26628.563833488548
"2024-12-21 00:00:00.000 UTC","aUSD",2157833.334790677,-437053.79737358255,1.0421673602290147,4031456.144450587,5080.824163207547
"2024-12-21 00:00:00.000 UTC","xAVAX",2157833.334790677,-437053.79737358255,1.620477353536622,4031456.144450587,5080.824163207547
"2024-12-20 00:00:00.000 UTC","xAVAX",2594887.1321642594,22176.884675607642,1.512849778436833,4026375.32028738,13589.146546828375
"2024-12-20 00:00:00.000 UTC","aUSD",2594887.1321642594,22176.884675607642,0.9555283841239683,4026375.32028738,13589.146546828375
"2024-12-19 00:00:00.000 UTC","xAVAX",2572710.247488652,9886.517504347472,1.727713977504797,4012786.1737405513,19798.361031320994
"2024-12-19 00:00:00.000 UTC","aUSD",2572710.247488652,9886.517504347472,1.0372397340577242,4012786.1737405513,19798.361031320994
"2024-12-18 00:00:00.000 UTC","aUSD",2562823.7299843044,72107.94465184577,0.9978303181869478,3992987.8127092305,4531.620047698259
"2024-12-18 00:00:00.000 UTC","xAVAX",2562823.7299843044,72107.94465184577,2.011245799714045,3992987.8127092305,4531.620047698259
"2024-12-17 00:00:00.000 UTC","xAVAX",2490715.7853324586,-8335.883480581739,2.1809389286029623,3988456.192661532,1881.9290462276858
"2024-12-17 00:00:00.000 UTC","aUSD",2490715.7853324586,-8335.883480581739,0.9983234643112647,3988456.192661532,1881.9290462276858
"2024-12-16 00:00:00.000 UTC","xAVAX",2499051.6688130405,3208.400136614462,2.225682961519464,3986574.2636153046,1517.8189620441626
"2024-12-16 00:00:00.000 UTC","aUSD",2499051.6688130405,3208.400136614462,0.986613596390656,3986574.2636153046,1517.8189620441626
"2024-12-15 00:00:00.000 UTC","aUSD",2495843.268676426,11341.071018554652,1.013438897933562,3985056.4446532605,5691.532280550857
"2024-12-15 00:00:00.000 UTC","xAVAX",2495843.268676426,11341.071018554652,2.2250711067172597,3985056.4446532605,5691.532280550857
"2024-12-14 00:00:00.000 UTC","aUSD",2484502.197657871,-98412.63885554094,0.9760992221707276,3979364.9123727097,1898.8961753503481
"2024-12-14 00:00:00.000 UTC","xAVAX",2484502.197657871,-98412.63885554094,2.3252010141942367,3979364.9123727097,1898.8961753503481
"2024-12-13 00:00:00.000 UTC","aUSD",2582914.836513412,5288.848301448284,0.9840389694163935,3977466.016197359,200.43811677430404
"2024-12-13 00:00:00.000 UTC","xAVAX",2582914.836513412,5288.848301448284,2.3522113097174997,3977466.016197359,200.43811677430404
"2024-12-12 00:00:00.000 UTC","xAVAX",2577625.988211964,3043.298509884207,2.3167718420480563,3977265.5780805848,-4621.467777412259
"2024-12-12 00:00:00.000 UTC","aUSD",2577625.988211964,3043.298509884207,1.0149602122512331,3977265.5780805848,-4621.467777412259
"2024-12-11 00:00:00.000 UTC","aUSD",2574582.6897020796,101428.1472702232,1.03871949825536,3981887.045857997,-18437.06890596327
"2024-12-11 00:00:00.000 UTC","xAVAX",2574582.6897020796,101428.1472702232,1.965176898540437,3981887.045857997,-18437.06890596327
"2024-12-10 00:00:00.000 UTC","aUSD",2473154.5424318565,-14817.296891225084,0.9913003258777863,4000324.1147639602,4603.529010481246
"2024-12-10 00:00:00.000 UTC","xAVAX",2473154.5424318565,-14817.296891225084,1.8999751953750328,4000324.1147639602,4603.529010481246
"2024-12-09 00:00:00.000 UTC","xAVAX",2487971.8393230815,21690.63438271709,2.1501886995431736,3995720.585753479,8909.546949247855
"2024-12-09 00:00:00.000 UTC","aUSD",2487971.8393230815,21690.63438271709,1.0018884850367447,3995720.585753479,8909.546949247855
"2024-12-08 00:00:00.000 UTC","aUSD",2466281.204940364,6271.650071461607,0.9959622244331675,3986811.038804231,4675.028770980922
"2024-12-08 00:00:00.000 UTC","xAVAX",2466281.204940364,6271.650071461607,2.35180846664396,3986811.038804231,4675.028770980922
"2024-12-07 00:00:00.000 UTC","xAVAX",2460009.5548689025,-14867.285251002797,2.336778329785991,3982136.0100332503,62508.469873017915
"2024-12-07 00:00:00.000 UTC","aUSD",2460009.5548689025,-14867.285251002797,0.9811940431047074,3982136.0100332503,62508.469873017915
"2024-12-06 00:00:00.000 UTC","aUSD",2474876.8401199053,74994.3807840724,0.9877367410270678,3919627.540160232,-62161.90561493083
"2024-12-06 00:00:00.000 UTC","xAVAX",2474876.8401199053,74994.3807840724,2.3312252660917605,3919627.540160232,-62161.90561493083
"2024-12-05 00:00:00.000 UTC","xAVAX",2399882.459335833,25655.91376063685,2.328547564187327,3981789.445775163,-206195.05947632212
"2024-12-05 00:00:00.000 UTC","aUSD",2399882.459335833,25655.91376063685,0.9969024325958856,3981789.445775163,-206195.05947632212
"2024-12-04 00:00:00.000 UTC","xAVAX",2374226.545575196,5753.783321706563,2.409036661799129,4187984.505251485,-84340.61449647706
"2024-12-04 00:00:00.000 UTC","aUSD",2374226.545575196,5753.783321706563,1.0215482206243065,4187984.505251485,-84340.61449647706
"2024-12-03 00:00:00.000 UTC","xAVAX",2368472.7622534893,10268.827575583455,2.285788713906737,4272325.119747962,81895.43855534172
"2024-12-03 00:00:00.000 UTC","aUSD",2368472.7622534893,10268.827575583455,1.0023961958131415,4272325.119747962,81895.43855534172
"2024-12-02 00:00:00.000 UTC","xAVAX",2358203.934677906,-18117.158060321955,2.126278257987614,4190429.6811926197,-118300.98339326754
"2024-12-02 00:00:00.000 UTC","aUSD",2358203.934677906,-18117.158060321955,1.0377761695198329,4190429.6811926197,-118300.98339326754
"2024-12-01 00:00:00.000 UTC","aUSD",2376321.092738228,1300.158843786706,0.9943391316594555,4308730.664585887,-432.14
"2024-12-01 00:00:00.000 UTC","xAVAX",2376321.092738228,1300.158843786706,1.9120705627219665,4308730.664585887,-432.14
"2024-11-30 00:00:00.000 UTC","aUSD",2375020.933894441,-797.2677989010808,0.9945545424924868,4309162.804585887,-5747.860030987242
"2024-11-30 00:00:00.000 UTC","xAVAX",2375020.933894441,-797.2677989010808,1.9484496598959755,4309162.804585887,-5747.860030987242
"2024-11-29 00:00:00.000 UTC","aUSD",2375818.201693342,2721.385361816584,0.9933125305135972,4314910.664616874,1765.3583890168584
"2024-11-29 00:00:00.000 UTC","xAVAX",2375818.201693342,2721.385361816584,1.878721608690329,4314910.664616874,1765.3583890168584
"2024-11-28 00:00:00.000 UTC","xAVAX",2373096.8163315253,7053.965425332376,1.8169647916598193,4313145.306227857,-2290.329843223406
"2024-11-28 00:00:00.000 UTC","aUSD",2373096.8163315253,7053.965425332376,0.9946718520157672,4313145.306227857,-2290.329843223406
"2024-11-27 00:00:00.000 UTC","aUSD",2366042.850906193,2748.5341038384963,1.0070860033618811,4315435.63607108,-91898.41848507352
"2024-11-27 00:00:00.000 UTC","xAVAX",2366042.850906193,2748.5341038384963,1.8380939228667683,4315435.63607108,-91898.41848507352
"2024-11-26 00:00:00.000 UTC","xAVAX",2363294.316802354,4760.610935275854,1.761814268930031,4407334.054556154,-27014.510050319645
"2024-11-26 00:00:00.000 UTC","aUSD",2363294.316802354,4760.610935275854,1.0099696532642894,4407334.054556154,-27014.510050319645
"2024-11-25 00:00:00.000 UTC","aUSD",2358533.705867078,5975.265949953455,0.9687362845617743,4434348.564606474,-91664.97491169568
"2024-11-25 00:00:00.000 UTC","xAVAX",2358533.705867078,5975.265949953455,1.8112448699434813,4434348.564606474,-91664.97491169568
"2024-11-24 00:00:00.000 UTC","xAVAX",2352558.439917125,6952.487683185314,1.7200497174057154,4526013.539518169,107973.26282468847
"2024-11-24 00:00:00.000 UTC","aUSD",2352558.439917125,6952.487683185314,1.0187508865975574,4526013.539518169,107973.26282468847
"2024-11-23 00:00:00.000 UTC","xAVAX",2345605.9522339394,29466.67253429907,1.8096537201706624,4418040.276693481,975.3424414433393
"2024-11-23 00:00:00.000 UTC","aUSD",2345605.9522339394,29466.67253429907,1.0283080770481834,4418040.276693481,975.3424414433393
"2024-11-22 00:00:00.000 UTC","xAVAX",2316139.2796996403,3667.515439154461,1.5815404329750453,4417064.934252038,-147891.16906605574
"2024-11-22 00:00:00.000 UTC","aUSD",2316139.2796996403,3667.515439154461,0.8906319471590425,4417064.934252038,-147891.16906605574
"2024-11-21 00:00:00.000 UTC","xAVAX",2312471.764260486,2264.074108914255,1.383459376498509,4564956.103318093,654.9706218804643
"2024-11-21 00:00:00.000 UTC","aUSD",2312471.764260486,2264.074108914255,1.0148033427327248,4564956.103318093,654.9706218804643
"2024-11-20 00:00:00.000 UTC","aUSD",2310207.6901515713,2383.683460378672,1.0032648552800352,4564301.132696213,95.23486096473306
"2024-11-20 00:00:00.000 UTC","xAVAX",2310207.6901515713,2383.683460378672,1.3638908341489093,4564301.132696213,95.23486096473306
"2024-11-19 00:00:00.000 UTC","xAVAX",2307824.0066911927,324.2860582207869,1.3917537010574603,4564205.897835248,41.76606340013195
"2024-11-19 00:00:00.000 UTC","aUSD",2307824.0066911927,324.2860582207869,1.0055500744811894,4564205.897835248,41.76606340013195
"2024-11-18 00:00:00.000 UTC","aUSD",2307499.7206329717,558.0043340961004,0.9844405543878408,4564164.131771848,-17.704378354492718
"2024-11-18 00:00:00.000 UTC","xAVAX",2307499.7206329717,558.0043340961004,1.4105316431201358,4564164.131771848,-17.704378354492718
"2024-11-17 00:00:00.000 UTC","xAVAX",2306941.7162988754,289.0572456619526,1.4440355361035737,4564181.836150202,-8405.795256228184
"2024-11-17 00:00:00.000 UTC","aUSD",2306941.7162988754,289.0572456619526,0.9787692589178459,4564181.836150202,-8405.795256228184
"2024-11-16 00:00:00.000 UTC","aUSD",2306652.6590532134,-37392.71351188699,1.0267161030806613,4572587.63140643,59660.592220395614
"2024-11-16 00:00:00.000 UTC","xAVAX",2306652.6590532134,-37392.71351188699,1.3688133888435696,4572587.63140643,59660.592220395614
"2024-11-15 00:00:00.000 UTC","xAVAX",2344045.3725651004,-107233.67691445588,1.2320319716340937,4512927.039186034,-186531.47809250533
"2024-11-15 00:00:00.000 UTC","aUSD",2344045.3725651004,-107233.67691445588,1.0087358250763567,4512927.039186034,-186531.47809250533
"2024-11-14 00:00:00.000 UTC","aUSD",2451279.0494795563,-62807.7156517355,1.0116098832468068,4699458.51727854,-261401.52316080529
"2024-11-14 00:00:00.000 UTC","xAVAX",2451279.0494795563,-62807.7156517355,1.259449297647923,4699458.51727854,-261401.52316080529
"2024-11-13 00:00:00.000 UTC","xAVAX",2514086.765131292,94.255191068377,1.2939230196701457,4960860.040439345,10954.550594847839
"2024-11-13 00:00:00.000 UTC","aUSD",2514086.765131292,94.255191068377,0.956209603003576,4960860.040439345,10954.550594847839
"2024-11-12 00:00:00.000 UTC","aUSD",2513992.509940224,2142.6750164949085,0.9563000454840158,4949905.489844497,-41667.414391799335
"2024-11-12 00:00:00.000 UTC","xAVAX",2513992.509940224,2142.6750164949085,1.4072195036663682,4949905.489844497,-41667.414391799335
"2024-11-11 00:00:00.000 UTC","xAVAX",2511849.834923729,-17573.6723506293,1.3054875494093026,4991572.904236296,-149902.78829398332
"2024-11-11 00:00:00.000 UTC","aUSD",2511849.834923729,-17573.6723506293,1.006787566610991,4991572.904236296,-149902.78829398332
"2024-11-10 00:00:00.000 UTC","aUSD",2529423.507274358,30058.235105371376,1.03397077525292,5141475.692530279,116024.2876305732
"2024-11-10 00:00:00.000 UTC","xAVAX",2529423.507274358,30058.235105371376,1.2170722930349793,5141475.692530279,116024.2876305732
"2024-11-09 00:00:00.000 UTC","xAVAX",2499365.2721689865,744.9778503061664,1.0798512324873681,5025451.404899706,-43087.23992541118
"2024-11-09 00:00:00.000 UTC","aUSD",2499365.2721689865,744.9778503061664,1.0020475627233358,5025451.404899706,-43087.23992541118
"2024-11-08 00:00:00.000 UTC","aUSD",2498620.29431868,202374.20979084677,1.0171003518636248,5068538.644825118,30891.391761020834
"2024-11-08 00:00:00.000 UTC","xAVAX",2498620.29431868,202374.20979084677,1.0101218642835574,5068538.644825118,30891.391761020834
"2024-11-07 00:00:00.000 UTC","aUSD",2296246.0845278334,-4139.99690250303,0.9832911895542384,5037647.253064097,-882.5418166993525
"2024-11-07 00:00:00.000 UTC","xAVAX",2296246.0845278334,-4139.99690250303,0.9810263927988515,5037647.253064097,-882.5418166993525
"2024-11-06 00:00:00.000 UTC","aUSD",2300386.0814303365,-113321.17909842041,0.9952493677634421,5038529.794880796,-40733.02533439122
"2024-11-06 00:00:00.000 UTC","xAVAX",2300386.0814303365,-113321.17909842041,0.9224155053114409,5038529.794880796,-40733.02533439122
"2024-11-05 00:00:00.000 UTC","aUSD",2413707.260528757,-1587.9816574461788,1.0204494529308374,5079262.820215187,41063.113984102776
"2024-11-05 00:00:00.000 UTC","xAVAX",2413707.260528757,-1587.9816574461788,0.7942533095699261,5079262.820215187,41063.113984102776
"2024-11-04 00:00:00.000 UTC","xAVAX",2415295.242186203,76224.0281175066,0.7673270993811611,5038199.706231085,70928.0349078024
"2024-11-04 00:00:00.000 UTC","aUSD",2415295.242186203,76224.0281175066,1.017441616072012,5038199.706231085,70928.0349078024
"2024-11-03 00:00:00.000 UTC","aUSD",2339071.2140686964,19036.93334576686,0.9931865431438632,4967271.671323283,-36280.768420056505
"2024-11-03 00:00:00.000 UTC","xAVAX",2339071.2140686964,19036.93334576686,0.7766918851610721,4967271.671323283,-36280.768420056505
"2024-11-02 00:00:00.000 UTC","aUSD",2320034.2807229296,752.428827122007,1.0177720569496709,5003552.439743339,-53745.508478478325
"2024-11-02 00:00:00.000 UTC","xAVAX",2320034.2807229296,752.428827122007,0.8238993318303129,5003552.439743339,-53745.508478478325
"2024-11-01 00:00:00.000 UTC","xAVAX",2319281.851895808,-704.1679903258243,0.8585176923908201,5057297.948221818,11106.547946027698
"2024-11-01 00:00:00.000 UTC","aUSD",2319281.851895808,-704.1679903258243,0.9989789229803299,5057297.948221818,11106.547946027698
"2024-10-31 00:00:00.000 UTC","xAVAX",2319986.0198861337,1555.7735164099843,0.9019919349619167,5046191.40027579,59270.44457074424
"2024-10-31 00:00:00.000 UTC","aUSD",2319986.0198861337,1555.7735164099843,0.9826378037923662,5046191.40027579,59270.44457074424
"2024-10-30 00:00:00.000 UTC","aUSD",2318430.2463697237,1980.477398394619,0.9974476119263028,4986920.955705046,3962.7610447793227
"2024-10-30 00:00:00.000 UTC","xAVAX",2318430.2463697237,1980.477398394619,0.9368737354272226,4986920.955705046,3962.7610447793227
"2024-10-29 00:00:00.000 UTC","aUSD",2316449.768971329,2901.9023907291335,1.0023092820703312,4982958.194660267,13480.366660809275
"2024-10-29 00:00:00.000 UTC","xAVAX",2316449.768971329,2901.9023907291335,0.9546396134481375,4982958.194660267,13480.366660809275
"2024-10-28 00:00:00.000 UTC","xAVAX",2313547.8665806,3669.556244166516,0.9096701234800053,4969477.827999458,123121.18705586923
"2024-10-28 00:00:00.000 UTC","aUSD",2313547.8665806,3669.556244166516,0.9985351995284628,4969477.827999458,123121.18705586923
"2024-10-27 00:00:00.000 UTC","xAVAX",2309878.3103364334,1232.9129505708213,0.8849918228589024,4846356.640943589,-443.19294777256096
"2024-10-27 00:00:00.000 UTC","aUSD",2309878.3103364334,1232.9129505708213,1.003746496256952,4846356.640943589,-443.19294777256096
"2024-10-26 00:00:00.000 UTC","aUSD",2308645.3973858627,3441.147175354251,0.99520468271551,4846799.833891361,13144.071807553792
"2024-10-26 00:00:00.000 UTC","xAVAX",2308645.3973858627,3441.147175354251,0.8810102839626225,4846799.833891361,13144.071807553792
"2024-10-25 00:00:00.000 UTC","aUSD",2305204.2502105082,-1619.3087306595307,0.9843523569368381,4833655.762083807,-8647.903362992904
"2024-10-25 00:00:00.000 UTC","xAVAX",2305204.2502105082,-1619.3087306595307,0.918568088524401,4833655.762083807,-8647.903362992904
"2024-10-24 00:00:00.000 UTC","xAVAX",2306823.558941168,-111.06695569466501,0.9547775439810614,4842303.6654468,-1397.8169405415206
"2024-10-24 00:00:00.000 UTC","aUSD",2306823.558941168,-111.06695569466501,0.9947364378637655,4842303.6654468,-1397.8169405415206
"2024-10-23 00:00:00.000 UTC","xAVAX",2306934.6258968622,1804.0191948149297,0.954869577451229,4843701.482387342,19153.01963514136
"2024-10-23 00:00:00.000 UTC","aUSD",2306934.6258968622,1804.0191948149297,1.0051078638687205,4843701.482387342,19153.01963514136
"2024-10-22 00:00:00.000 UTC","aUSD",2305130.6067020474,2497.84426833741,0.9959099071387217,4824548.4627522,3908.9368645787636
"2024-10-22 00:00:00.000 UTC","xAVAX",2305130.6067020474,2497.84426833741,1.0112567933179892,4824548.4627522,3908.9368645787636
"2024-10-21 00:00:00.000 UTC","aUSD",2302632.76243371,320.9147120438329,0.9894247183043346,4820639.525887621,3869.088093091169
"2024-10-21 00:00:00.000 UTC","xAVAX",2302632.76243371,320.9147120438329,1.047541598839925,4820639.525887621,3869.088093091169
"2024-10-20 00:00:00.000 UTC","xAVAX",2302311.847721666,208.2579528129628,1.014110935095175,4816770.43779453,-3555.494017410738
"2024-10-20 00:00:00.000 UTC","aUSD",2302311.847721666,208.2579528129628,1.0001870138951692,4816770.43779453,-3555.494017410738
"2024-10-19 00:00:00.000 UTC","xAVAX",2302103.589768853,781.3561202722374,1.021958837279364,4820325.931811941,0.007877430015927445
"2024-10-19 00:00:00.000 UTC","aUSD",2302103.589768853,781.3561202722374,1.0025400324919833,4820325.931811941,0.007877430015927445
"2024-10-18 00:00:00.000 UTC","xAVAX",2301322.233648581,9763.382553362471,1.0055676028702363,4820325.923934511,1749.5375639048234
"2024-10-18 00:00:00.000 UTC","aUSD",2301322.233648581,9763.382553362471,1.0102171123319592,4820325.923934511,1749.5375639048234
"2024-10-17 00:00:00.000 UTC","xAVAX",2291558.8510952187,8487.715256586556,0.9911872631992874,4818576.386370606,4862.889208964485
"2024-10-17 00:00:00.000 UTC","aUSD",2291558.8510952187,8487.715256586556,1.0062039926161515,4818576.386370606,4862.889208964485
"2024-10-16 00:00:00.000 UTC","xAVAX",2283071.135838632,2338.399967190121,1.0111501162143992,4813713.497161642,7034.706041146579
"2024-10-16 00:00:00.000 UTC","aUSD",2283071.135838632,2338.399967190121,1.0093413715064188,4813713.497161642,7034.706041146579
"2024-10-15 00:00:00.000 UTC","xAVAX",2280732.7358714417,330.8025852527939,1.0391269005746209,4806678.791120495,-1370.53
"2024-10-15 00:00:00.000 UTC","aUSD",2280732.7358714417,330.8025852527939,0.9952562016855159,4806678.791120495,-1370.53
"2024-10-14 00:00:00.000 UTC","xAVAX",2280401.9332861886,1240.9217721990544,1.0893210553958275,4808049.321120495,3974.2369323876874
"2024-10-14 00:00:00.000 UTC","aUSD",2280401.9332861886,1240.9217721990544,0.9963209641304414,4808049.321120495,3974.2369323876874
"2024-10-13 00:00:00.000 UTC","xAVAX",2279161.0115139894,-46247.16090805428,1.053180620617744,4804075.084188107,-540.7082252269593
"2024-10-13 00:00:00.000 UTC","aUSD",2279161.0115139894,-46247.16090805428,1.0032362484171493,4804075.084188107,-540.7082252269593
"2024-10-12 00:00:00.000 UTC","xAVAX",2325408.1724220435,135935.01587510112,1.0459133562065737,4804615.792413334,-44353.53270976972
"2024-10-12 00:00:00.000 UTC","aUSD",2325408.1724220435,135935.01587510112,0.9926237956724657,4804615.792413334,-44353.53270976972
"2024-10-11 00:00:00.000 UTC","xAVAX",2189473.1565469424,2682.4540778011283,0.9569902564520828,4848969.325123104,23105.025508399944
"2024-10-11 00:00:00.000 UTC","aUSD",2189473.1565469424,2682.4540778011283,1.015953940400492,4848969.325123104,23105.025508399944
"2024-10-10 00:00:00.000 UTC","aUSD",2186790.702469141,959.2659745367208,1.0059575036600028,4825864.299614704,736.2137994421821
"2024-10-10 00:00:00.000 UTC","xAVAX",2186790.702469141,959.2659745367208,0.9068575445206065,4825864.299614704,736.2137994421821
"2024-10-09 00:00:00.000 UTC","xAVAX",2185831.4364946047,1379.012431974629,0.9262447657860912,4825128.085815262,3372.327139607619
"2024-10-09 00:00:00.000 UTC","aUSD",2185831.4364946047,1379.012431974629,1.011922147076458,4825128.085815262,3372.327139607619
"2024-10-08 00:00:00.000 UTC","xAVAX",2184452.42406263,679.1938703240922,0.9361389214233091,4821755.758675654,-1767.5699714760021
"2024-10-08 00:00:00.000 UTC","aUSD",2184452.42406263,679.1938703240922,1.0046477700759877,4821755.758675654,-1767.5699714760021
"2024-10-07 00:00:00.000 UTC","aUSD",2183773.230192306,1863.5165988445435,0.9992458416629446,4823523.32864713,-14883.154094394393
"2024-10-07 00:00:00.000 UTC","xAVAX",2183773.230192306,1863.5165988445435,0.9635777864757885,4823523.32864713,-14883.154094394393
"2024-10-06 00:00:00.000 UTC","xAVAX",2181909.7135934616,2445.147914024069,0.9398635584811083,4838406.482741524,2957.4917236591837
"2024-10-06 00:00:00.000 UTC","aUSD",2181909.7135934616,2445.147914024069,1.0009942445130962,4838406.482741524,2957.4917236591837
"2024-10-05 00:00:00.000 UTC","xAVAX",2179464.5656794375,-346.1629468980506,0.9136422759897129,4835448.991017865,117.86713180072476
"2024-10-05 00:00:00.000 UTC","aUSD",2179464.5656794375,-346.1629468980506,0.9797497949325442,4835448.991017865,117.86713180072476
"2024-10-04 00:00:00.000 UTC","xAVAX",2179810.7286263355,-3063.996864162369,0.8954288413864175,4835331.123886065,1750.3241678301074
"2024-10-04 00:00:00.000 UTC","aUSD",2179810.7286263355,-3063.996864162369,0.969517104587431,4835331.123886065,1750.3241678301074
"2024-10-03 00:00:00.000 UTC","aUSD",2182874.725490498,-896.1270088965194,1.0010932926170553,4833580.799718235,-40174.90174915729
"2024-10-03 00:00:00.000 UTC","xAVAX",2182874.725490498,-896.1270088965194,0.8500833626849771,4833580.799718235,-40174.90174915729
"2024-10-02 00:00:00.000 UTC","xAVAX",2183770.852499394,-18486.35070524681,0.9157225208092312,4873755.701467392,42799.363780022926
"2024-10-02 00:00:00.000 UTC","aUSD",2183770.852499394,-18486.35070524681,0.9929356814416885,4873755.701467392,42799.363780022926
"2024-10-01 00:00:00.000 UTC","aUSD",2202257.203204641,31510.28380119522,1.0480763151964432,4830956.337687369,64280.460675573464
"2024-10-01 00:00:00.000 UTC","xAVAX",2202257.203204641,31510.28380119522,0.9814377086748091,4830956.337687369,64280.460675573464
"2024-09-30 00:00:00.000 UTC","xAVAX",2170746.919403446,1727.599209095577,1.0408828079112649,4766675.8770117955,14855.878026141965
"2024-09-30 00:00:00.000 UTC","aUSD",2170746.919403446,1727.599209095577,1.0010630053049545,4766675.8770117955,14855.878026141965
"2024-09-29 00:00:00.000 UTC","aUSD",2169019.3201943506,16.973442376461758,0.996619844276092,4751819.998985654,15283.423244025471
"2024-09-29 00:00:00.000 UTC","xAVAX",2169019.3201943506,16.973442376461758,1.0768648612089022,4751819.998985654,15283.423244025471
"2024-09-28 00:00:00.000 UTC","xAVAX",2169002.346751974,2025.1148897934493,1.1038509061006974,4736536.575741628,6879.998774932137
"2024-09-28 00:00:00.000 UTC","aUSD",2169002.346751974,2025.1148897934493,1.0087325928399515,4736536.575741628,6879.998774932137
"2024-09-27 00:00:00.000 UTC","aUSD",2166977.2318621804,5451.5440130478555,1.009762620815231,4729656.576966696,-34701.73830916783
"2024-09-27 00:00:00.000 UTC","xAVAX",2166977.2318621804,5451.5440130478555,1.1158269909725003,4729656.576966696,-34701.73830916783
"2024-09-26 00:00:00.000 UTC","xAVAX",2161525.6878491323,830.9904177067594,1.0378597594269887,4764358.315275865,-36359.09901785092
"2024-09-26 00:00:00.000 UTC","aUSD",2161525.6878491323,830.9904177067594,1.0269207032046999,4764358.315275865,-36359.09901785092
"2024-09-25 00:00:00.000 UTC","aUSD",2160694.6974314256,18219.081090207,0.9955452867974884,4800717.414293716,-196.30529309006147
"2024-09-25 00:00:00.000 UTC","xAVAX",2160694.6974314256,18219.081090207,1.0038338831783506,4800717.414293716,-196.30529309006147
"2024-09-24 00:00:00.000 UTC","xAVAX",2142475.6163412184,-24918.349222488952,1.0079641811279871,4800913.719586805,52189.95374443047
"2024-09-24 00:00:00.000 UTC","aUSD",2142475.6163412184,-24918.349222488952,0.9707069372833746,4800913.719586805,52189.95374443047
"2024-09-23 00:00:00.000 UTC","xAVAX",2167393.9655637075,29256.38590213024,0.9906328451213008,4748723.765842375,19310.800457632777
"2024-09-23 00:00:00.000 UTC","aUSD",2167393.9655637075,29256.38590213024,1.000358242629143,4748723.765842375,19310.800457632777
"2024-09-22 00:00:00.000 UTC","aUSD",2138137.5796615775,69434.80145901913,1.014293748385639,4729412.965384742,-26266.03150708422
"2024-09-22 00:00:00.000 UTC","xAVAX",2138137.5796615775,69434.80145901913,0.966591792851906,4729412.965384742,-26266.03150708422
"2024-09-21 00:00:00.000 UTC","aUSD",2068702.7782025584,-3793.1383551497247,0.9905335338826368,4755678.996891826,1057.258775456441
"2024-09-21 00:00:00.000 UTC","xAVAX",2068702.7782025584,-3793.1383551497247,0.9888980494680484,4755678.996891826,1057.258775456441
"2024-09-20 00:00:00.000 UTC","aUSD",2072495.916557708,-150149.55149276674,1.002778107652127,4754621.73811637,-23698.65840182578
"2024-09-20 00:00:00.000 UTC","xAVAX",2072495.916557708,-150149.55149276674,0.997876799506638,4754621.73811637,-23698.65840182578
"2024-09-19 00:00:00.000 UTC","aUSD",2222645.4680504748,-60139.3595867708,0.9874520812434021,4778320.396518195,-22011.900134700336
"2024-09-19 00:00:00.000 UTC","xAVAX",2222645.4680504748,-60139.3595867708,0.9188958001190127,4778320.396518195,-22011.900134700336
"2024-09-18 00:00:00.000 UTC","xAVAX",2282784.8276372454,-1984.095124947178,0.7798733426734438,4800332.296652895,28752.21277533755
"2024-09-18 00:00:00.000 UTC","aUSD",2282784.8276372454,-1984.095124947178,1.012992964786559,4800332.296652895,28752.21277533755
"2024-09-17 00:00:00.000 UTC","xAVAX",2284768.922762193,-264973.8321891087,0.8037032845543695,4771580.083877558,3593.845074905955
"2024-09-17 00:00:00.000 UTC","aUSD",2284768.922762193,-264973.8321891087,0.9963471843136926,4771580.083877558,3593.845074905955
"2024-09-16 00:00:00.000 UTC","xAVAX",2549742.7549513015,17154.858942973613,0.7878211097544758,4767986.238802652,20056.30165950697
"2024-09-16 00:00:00.000 UTC","aUSD",2549742.7549513015,17154.858942973613,1.007396095849927,4767986.238802652,20056.30165950697
"2024-09-15 00:00:00.000 UTC","xAVAX",2532587.896008328,-188.48000000000002,0.8314684012909707,4747929.937143145,-210859.33624204312
"2024-09-15 00:00:00.000 UTC","aUSD",2532587.896008328,-188.48000000000002,1.016582700903162,4747929.937143145,-210859.33624204312
"2024-09-14 00:00:00.000 UTC","aUSD",2532776.376008328,1339.0822702547607,0.9981020289271123,4958789.273385189,13745.027995004752
"2024-09-14 00:00:00.000 UTC","xAVAX",2532776.376008328,1339.0822702547607,0.8725816488183602,4958789.273385189,13745.027995004752
"2024-09-13 00:00:00.000 UTC","xAVAX",2531437.293738073,168390.62361891713,0.8159775864878275,4945044.245390184,47694.83559788823
"2024-09-13 00:00:00.000 UTC","aUSD",2531437.293738073,168390.62361891713,1.0139583731752138,4945044.245390184,47694.83559788823
"2024-09-12 00:00:00.000 UTC","xAVAX",2363046.670119156,-177.00164326332288,0.7844817011345083,4897349.409792296,-145.6970586357371
"2024-09-12 00:00:00.000 UTC","aUSD",2363046.670119156,-177.00164326332288,0.9993208051643492,4897349.409792296,-145.6970586357371
"2024-09-11 00:00:00.000 UTC","xAVAX",2363223.6717624194,52079.38341192213,0.7798868054355702,4897495.106850931,-64517.58416924014
"2024-09-11 00:00:00.000 UTC","aUSD",2363223.6717624194,52079.38341192213,1.0046767367939173,4897495.106850931,-64517.58416924014
"2024-09-10 00:00:00.000 UTC","xAVAX",2311144.2883504974,261406.69323267785,0.8089277388354692,4962012.691020171,517443.27466192306
"2024-09-10 00:00:00.000 UTC","aUSD",2311144.2883504974,261406.69323267785,0.995342297123121,4962012.691020171,517443.27466192306
"2024-09-09 00:00:00.000 UTC","xAVAX",2049737.5951178197,-2548.883471123343,0.7985320483532652,4444569.416358248,27661.606652815688
"2024-09-09 00:00:00.000 UTC","aUSD",2049737.5951178197,-2548.883471123343,0.9862976085994883,4444569.416358248,27661.606652815688
"2024-09-08 00:00:00.000 UTC","xAVAX",2052286.4785889431,3060.527045158707,0.7392754172039798,4416907.8097054325,-16288.698593462117
"2024-09-08 00:00:00.000 UTC","aUSD",2052286.4785889431,3060.527045158707,1.007397831511728,4416907.8097054325,-16288.698593462117
"2024-09-07 00:00:00.000 UTC","aUSD",2049225.9515437845,2.2604471652890146,0.9955675265407241,4433196.508298894,231.62483309746247
"2024-09-07 00:00:00.000 UTC","xAVAX",2049225.9515437845,2.2604471652890146,0.6903055313201214,4433196.508298894,231.62483309746247
"2024-09-06 00:00:00.000 UTC","xAVAX",2049223.6910966192,-7020.919826615896,0.6648282317436287,4432964.883465797,24153.583919901004
"2024-09-06 00:00:00.000 UTC","aUSD",2049223.6910966192,-7020.919826615896,0.9979476439544204,4432964.883465797,24153.583919901004
"2024-09-05 00:00:00.000 UTC","xAVAX",2056244.610923235,246566.93586240933,0.6864380415610318,4408811.299545895,949.2176844878827
"2024-09-05 00:00:00.000 UTC","aUSD",2056244.610923235,246566.93586240933,0.9881554791463383,4408811.299545895,949.2176844878827
"2024-09-04 00:00:00.000 UTC","xAVAX",1809677.6750608257,-97.07929578014955,0.6851910016024616,4407862.0818614075,-205329.8935913443
"2024-09-04 00:00:00.000 UTC","aUSD",1809677.6750608257,-97.07929578014955,0.9837081548234311,4407862.0818614075,-205329.8935913443
"2024-09-03 00:00:00.000 UTC","xAVAX",1809774.7543566057,10171.82984557489,0.7034040773459164,4613191.975452752,272610.57460038015
"2024-09-03 00:00:00.000 UTC","aUSD",1809774.7543566057,10171.82984557489,0.9809426520295692,4613191.975452752,272610.57460038015
"2024-09-02 00:00:00.000 UTC","aUSD",1799602.9245110308,-289.254379189405,1.0098964268212447,4340581.400852372,2459.4518572229626
"2024-09-02 00:00:00.000 UTC","xAVAX",1799602.9245110308,-289.254379189405,0.7032596211145754,4340581.400852372,2459.4518572229626
"2024-09-01 00:00:00.000 UTC","aUSD",1799892.1788902201,-80.08757405640635,1.0097715687117985,4338121.948995149,17406.94307278139
"2024-09-01 00:00:00.000 UTC","xAVAX",1799892.1788902201,-80.08757405640635,0.7144310870077611,4338121.948995149,17406.94307278139
"2024-08-31 00:00:00.000 UTC","xAVAX",1799972.2664642765,402.5177595661811,0.7617644068582191,4320715.005922368,467.62303559209954
"2024-08-31 00:00:00.000 UTC","aUSD",1799972.2664642765,402.5177595661811,0.9966709692553846,4320715.005922368,467.62303559209954
"2024-08-30 00:00:00.000 UTC","aUSD",1799569.7487047103,765.8363956242623,0.9981442051179908,4320247.382886776,44789.51805778629
"2024-08-30 00:00:00.000 UTC","xAVAX",1799569.7487047103,765.8363956242623,0.7526711742878843,4320247.382886776,44789.51805778629
"2024-08-29 00:00:00.000 UTC","aUSD",1798803.912309086,186.26806439982693,0.9942474654559523,4275457.86482899,11731.841772420086
"2024-08-29 00:00:00.000 UTC","xAVAX",1798803.912309086,186.26806439982693,0.7902615926657484,4275457.86482899,11731.841772420086
"2024-08-28 00:00:00.000 UTC","aUSD",1798617.6442446862,120096.86137289165,0.996658442479319,4263726.0230565695,36777.155924385515
"2024-08-28 00:00:00.000 UTC","xAVAX",1798617.6442446862,120096.86137289165,0.8197989719794762,4263726.0230565695,36777.155924385515
"2024-08-27 00:00:00.000 UTC","xAVAX",1678520.7828717947,651.0400468396267,0.8953291437431539,4226948.867132184,26285.508022219754
"2024-08-27 00:00:00.000 UTC","aUSD",1678520.7828717947,651.0400468396267,0.9869248082499177,4226948.867132184,26285.508022219754
"2024-08-26 00:00:00.000 UTC","xAVAX",1677869.742824955,201.50532680652512,0.9457473949511246,4200663.359109964,168.47131816967448
"2024-08-26 00:00:00.000 UTC","aUSD",1677869.742824955,201.50532680652512,0.983672785942282,4200663.359109964,168.47131816967448
"2024-08-25 00:00:00.000 UTC","xAVAX",1677668.2374981483,2747.216673892514,0.947985625429908,4200494.887791795,46120.786465323006
"2024-08-25 00:00:00.000 UTC","aUSD",1677668.2374981483,2747.216673892514,1.0001256124489626,4200494.887791795,46120.786465323006
"2024-08-24 00:00:00.000 UTC","aUSD",1674921.020824256,6051.938002864956,1.019847782502254,4154374.101326472,-8491.698128288877
"2024-08-24 00:00:00.000 UTC","xAVAX",1674921.020824256,6051.938002864956,0.941508921603967,4154374.101326472,-8491.698128288877
"2024-08-23 00:00:00.000 UTC","aUSD",1668869.0828213908,619.7141196758744,1.003352200495307,4162865.799454761,-240949.96147484088
"2024-08-23 00:00:00.000 UTC","xAVAX",1668869.0828213908,619.7141196758744,0.8991081216511955,4162865.799454761,-240949.96147484088
"2024-08-22 00:00:00.000 UTC","xAVAX",1668249.368701715,2.897769750443606,0.8038195801256296,4403815.760929602,-60792.804434156256
"2024-08-22 00:00:00.000 UTC","aUSD",1668249.368701715,2.897769750443606,0.9905965789196228,4403815.760929602,-60792.804434156256
"2024-08-21 00:00:00.000 UTC","xAVAX",1668246.4709319647,-31034.62163356496,0.7650914520675178,4464608.565363758,31390.87723416272
"2024-08-21 00:00:00.000 UTC","aUSD",1668246.4709319647,-31034.62163356496,0.9988764067679171,4464608.565363758,31390.87723416272
"2024-08-20 00:00:00.000 UTC","aUSD",1699281.0925655297,346.0376477578468,0.9984771601747284,4433217.6881295955,-64184.069919894166
"2024-08-20 00:00:00.000 UTC","xAVAX",1699281.0925655297,346.0376477578468,0.6952846809110255,4433217.6881295955,-64184.069919894166
"2024-08-19 00:00:00.000 UTC","aUSD",1698935.0549177718,-3875.096180244125,0.9917149875829422,4497401.75804949,16383.759608070874
"2024-08-19 00:00:00.000 UTC","xAVAX",1698935.0549177718,-3875.096180244125,0.6482176146149038,4497401.75804949,16383.759608070874
"2024-08-18 00:00:00.000 UTC","aUSD",1702810.151098016,4673.160938580602,0.9807770691366557,4481017.998441419,6994.885822150658
"2024-08-18 00:00:00.000 UTC","xAVAX",1702810.151098016,4673.160938580602,0.6692162487879403,4481017.998441419,6994.885822150658
"2024-08-17 00:00:00.000 UTC","xAVAX",1698136.9901594354,-85.8982791125899,0.6330326750720241,4474023.112619268,-70.84395137193081
"2024-08-17 00:00:00.000 UTC","aUSD",1698136.9901594354,-85.8982791125899,1.0025038484122544,4474023.112619268,-70.84395137193081
"2024-08-16 00:00:00.000 UTC","xAVAX",1698222.888438548,306.2968220392241,0.6249690460324567,4474093.956570639,4810.466362849812
"2024-08-16 00:00:00.000 UTC","aUSD",1698222.888438548,306.2968220392241,1.0094943582791711,4474093.956570639,4810.466362849812
"2024-08-15 00:00:00.000 UTC","xAVAX",1697916.5916165088,773.5985820195779,0.632382076704,4469283.4902077895,9929.531095521037
"2024-08-15 00:00:00.000 UTC","aUSD",1697916.5916165088,773.5985820195779,0.9872691531677433,4469283.4902077895,9929.531095521037
"2024-08-14 00:00:00.000 UTC","aUSD",1697142.9930344892,-39741.01069740408,1.0094734911130334,4459353.959112269,51282.325094916654
"2024-08-14 00:00:00.000 UTC","xAVAX",1697142.9930344892,-39741.01069740408,0.6702117133726877,4459353.959112269,51282.325094916654
"2024-08-13 00:00:00.000 UTC","xAVAX",1736884.0037318934,-179.0535336627638,0.6704209978465187,4408071.634017352,32318.06942236661
"2024-08-13 00:00:00.000 UTC","aUSD",1736884.0037318934,-179.0535336627638,1.0109716028457343,4408071.634017352,32318.06942236661
"2024-08-12 00:00:00.000 UTC","aUSD",1737063.0572655562,-5891.425804454916,0.9841924951520885,4375753.564594985,26544.656239694046
"2024-08-12 00:00:00.000 UTC","xAVAX",1737063.0572655562,-5891.425804454916,0.6719082780718066,4375753.564594985,26544.656239694046
"2024-08-11 00:00:00.000 UTC","aUSD",1742954.483070011,39788.15394674893,1.0086971139024754,4349208.908355291,-64948.52944272117
"2024-08-11 00:00:00.000 UTC","xAVAX",1742954.483070011,39788.15394674893,0.6759106198634555,4349208.908355291,-64948.52944272117
"2024-08-10 00:00:00.000 UTC","xAVAX",1703166.329123262,117.23825640375112,0.6862680210182615,4414157.437798012,-1344.0130837974732
"2024-08-10 00:00:00.000 UTC","aUSD",1703166.329123262,117.23825640375112,1.0039272371558223,4414157.437798012,-1344.0130837974732
"2024-08-09 00:00:00.000 UTC","aUSD",1703049.0908668584,50269.6075665265,1.014955101805748,4415501.45088181,3031.2179883718823
"2024-08-09 00:00:00.000 UTC","xAVAX",1703049.0908668584,50269.6075665265,0.7039760952127976,4415501.45088181,3031.2179883718823
"2024-08-08 00:00:00.000 UTC","aUSD",1652779.483300332,643.8230944359597,1.0226299931815648,4412470.232893438,-1249.043869596564
"2024-08-08 00:00:00.000 UTC","xAVAX",1652779.483300332,643.8230944359597,0.6623274048002019,4412470.232893438,-1249.043869596564
"2024-08-07 00:00:00.000 UTC","xAVAX",1652135.660205896,10507.814744225478,0.6403493113537084,4413719.276763035,16868.48629494668
"2024-08-07 00:00:00.000 UTC","aUSD",1652135.660205896,10507.814744225478,1.0309431047300048,4413719.276763035,16868.48629494668
"2024-08-06 00:00:00.000 UTC","aUSD",1641627.8454616705,-7.179806173528846,0.9852002639343015,4396850.790468088,13244.795833996535
"2024-08-06 00:00:00.000 UTC","xAVAX",1641627.8454616705,-7.179806173528846,0.647622613687011,4396850.790468088,13244.795833996535
"2024-08-05 00:00:00.000 UTC","xAVAX",1641635.025267844,-13352.922360155539,0.5641431912283994,4383605.994634092,452372.0424061382
"2024-08-05 00:00:00.000 UTC","aUSD",1641635.025267844,-13352.922360155539,1.012882142464857,4383605.994634092,452372.0424061382
"2024-08-04 00:00:00.000 UTC","xAVAX",1654987.9476279996,6847.054562044083,0.7060198029474894,3931233.952227954,416203.7196390177
"2024-08-04 00:00:00.000 UTC","aUSD",1654987.9476279996,6847.054562044083,1.0358669922985366,3931233.952227954,416203.7196390177
"2024-08-03 00:00:00.000 UTC","xAVAX",1648140.8930659555,29918.797289189515,0.7991346230648813,3515030.232588936,258246.4949825447
"2024-08-03 00:00:00.000 UTC","aUSD",1648140.8930659555,29918.797289189515,1.0417472273111148,3515030.232588936,258246.4949825447
"2024-08-02 00:00:00.000 UTC","xAVAX",1618222.095776766,2425.210378568755,0.8524428072401525,3256783.7376063913,35152.065709761955
"2024-08-02 00:00:00.000 UTC","aUSD",1618222.095776766,2425.210378568755,0.9911735656338725,3256783.7376063913,35152.065709761955
"2024-08-01 00:00:00.000 UTC","xAVAX",1615796.8853981972,-76101.61215405351,0.8816611364614155,3221631.6718966295,-92677.55358969914
"2024-08-01 00:00:00.000 UTC","aUSD",1615796.8853981972,-76101.61215405351,1.0184794783001283,3221631.6718966295,-92677.55358969914
"2024-07-31 00:00:00.000 UTC","aUSD",1691898.4975522507,2156.1518380905954,0.991366418540213,3314309.225486329,10561.105399364857
"2024-07-31 00:00:00.000 UTC","xAVAX",1691898.4975522507,2156.1518380905954,0.963638636279617,3314309.225486329,10561.105399364857
"2024-07-30 00:00:00.000 UTC","aUSD",1689742.3457141602,4334.502055234273,1.0054507202933995,3303748.1200869638,2093.2894591576237
"2024-07-30 00:00:00.000 UTC","xAVAX",1689742.3457141602,4334.502055234273,0.9883898569788263,3303748.1200869638,2093.2894591576237
"2024-07-29 00:00:00.000 UTC","aUSD",1685407.843658926,1717.8768962090562,1.000861633405915,3301654.830627806,10643.73294069208
"2024-07-29 00:00:00.000 UTC","xAVAX",1685407.843658926,1717.8768962090562,1.041654263009411,3301654.830627806,10643.73294069208
"2024-07-28 00:00:00.000 UTC","aUSD",1683689.9667627169,1075.63848204839,1.0023865396097307,3291011.097687114,26246.204647548257
"2024-07-28 00:00:00.000 UTC","xAVAX",1683689.9667627169,1075.63848204839,1.0298311606788304,3291011.097687114,26246.204647548257
"2024-07-27 00:00:00.000 UTC","aUSD",1682614.3282806685,109.67046480224155,0.9996925376014895,3264764.893039566,2049.9992625817276
"2024-07-27 00:00:00.000 UTC","xAVAX",1682614.3282806685,109.67046480224155,1.0945383516686906,3264764.893039566,2049.9992625817276
"2024-07-26 00:00:00.000 UTC","aUSD",1682504.6578158662,1896.8104082479583,0.984431501242053,3262714.8937769844,1939.8144166183115
"2024-07-26 00:00:00.000 UTC","xAVAX",1682504.6578158662,1896.8104082479583,1.0684852311610087,3262714.8937769844,1939.8144166183115
"2024-07-25 00:00:00.000 UTC","xAVAX",1680607.8474076183,897.5874495983462,1.0118343416065114,3260775.0793603663,36464.3390024998
"2024-07-25 00:00:00.000 UTC","aUSD",1680607.8474076183,897.5874495983462,1.0077476547460509,3260775.0793603663,36464.3390024998
"2024-07-24 00:00:00.000 UTC","xAVAX",1679710.25995802,-88109.00677010513,1.1298095498582723,3224310.7403578665,6911.771994121511
"2024-07-24 00:00:00.000 UTC","aUSD",1679710.25995802,-88109.00677010513,1.0067129207209222,3224310.7403578665,6911.771994121511
"2024-07-23 00:00:00.000 UTC","aUSD",1767819.266728125,908.0280391910225,1.0063147864988105,3217398.968363745,3239.7227552400545
"2024-07-23 00:00:00.000 UTC","xAVAX",1767819.266728125,908.0280391910225,1.2034394588705413,3217398.968363745,3239.7227552400545
"2024-07-22 00:00:00.000 UTC","xAVAX",1766911.2386889341,13026.527731725193,1.2930315935305137,3214159.245608505,14326.208349013175
"2024-07-22 00:00:00.000 UTC","aUSD",1766911.2386889341,13026.527731725193,0.9863044803021864,3214159.245608505,14326.208349013175
"2024-07-21 00:00:00.000 UTC","xAVAX",1753884.7109572089,59288.63960103755,1.1616781326499357,3199833.0372594916,40826.62141177236
"2024-07-21 00:00:00.000 UTC","aUSD",1753884.7109572089,59288.63960103755,0.9693962094884296,3199833.0372594916,40826.62141177236
"2024-07-20 00:00:00.000 UTC","xAVAX",1694596.0713561713,10766.632351948854,1.081255058541036,3159006.415847719,11240.947401885735
"2024-07-20 00:00:00.000 UTC","aUSD",1694596.0713561713,10766.632351948854,0.9907480685102358,3159006.415847719,11240.947401885735
"2024-07-19 00:00:00.000 UTC","xAVAX",1683829.4390042224,1212.6233805043826,1.0285061937182296,3147765.4684458333,1742.267468760769
"2024-07-19 00:00:00.000 UTC","aUSD",1683829.4390042224,1212.6233805043826,1.003795392747695,3147765.4684458333,1742.267468760769
"2024-07-18 00:00:00.000 UTC","xAVAX",1682616.815623718,6221.825545668847,0.9994275334157652,3146023.2009770726,-934.8936442980462
"2024-07-18 00:00:00.000 UTC","aUSD",1682616.815623718,6221.825545668847,1.0078908334437418,3146023.2009770726,-934.8936442980462
"2024-07-17 00:00:00.000 UTC","aUSD",1676394.9900780492,51657.460464082455,1.0031254420266336,3146958.0946213705,27915.591009393058
"2024-07-17 00:00:00.000 UTC","xAVAX",1676394.9900780492,51657.460464082455,1.0756764138523398,3146958.0946213705,27915.591009393058
"2024-07-16 00:00:00.000 UTC","xAVAX",1624737.5296139668,18886.17959476138,1.034449825326959,3119042.5036119777,11277.07810162051
"2024-07-16 00:00:00.000 UTC","aUSD",1624737.5296139668,18886.17959476138,1.0184263072031206,3119042.5036119777,11277.07810162051
"2024-07-15 00:00:00.000 UTC","aUSD",1605851.3500192054,81771.34860280866,0.9774075155619363,3107765.425510357,51473.84755872203
"2024-07-15 00:00:00.000 UTC","xAVAX",1605851.3500192054,81771.34860280866,1.0077829250551538,3107765.425510357,51473.84755872203
"2024-07-14 00:00:00.000 UTC","xAVAX",1524080.0014163966,83381.48271464919,0.9421040625534101,3056291.5779516352,2688.779088002434
"2024-07-14 00:00:00.000 UTC","aUSD",1524080.0014163966,83381.48271464919,0.9986750487880043,3056291.5779516352,2688.779088002434
"2024-07-13 00:00:00.000 UTC","xAVAX",1440698.5187017473,90.58402830822206,0.9322863486844313,3053602.7988636326,-2010.1787257229269
"2024-07-13 00:00:00.000 UTC","aUSD",1440698.5187017473,90.58402830822206,1.0027448181408505,3053602.7988636326,-2010.1787257229269
"2024-07-12 00:00:00.000 UTC","xAVAX",1440607.934673439,15550.29761274245,0.9163243802747124,3055612.9775893553,11203.940988982942
"2024-07-12 00:00:00.000 UTC","aUSD",1440607.934673439,15550.29761274245,0.9972627680405879,3055612.9775893553,11203.940988982942
"2024-07-11 00:00:00.000 UTC","xAVAX",1425057.6370606965,145610.002022206,0.9209401062605849,3044409.0366003723,3328.8732113715814
"2024-07-11 00:00:00.000 UTC","aUSD",1425057.6370606965,145610.002022206,0.9929144135897322,3044409.0366003723,3328.8732113715814
"2024-07-10 00:00:00.000 UTC","aUSD",1279447.6350384904,216.73589396143763,1.0082519703321065,3041080.1633890006,-3701.0560315935
"2024-07-10 00:00:00.000 UTC","xAVAX",1279447.6350384904,216.73589396143763,0.960238488866421,3041080.1633890006,-3701.0560315935
"2024-07-09 00:00:00.000 UTC","xAVAX",1279230.899144529,148163.3867038419,0.9142292176708435,3044781.219420594,-638.1561270972032
"2024-07-09 00:00:00.000 UTC","aUSD",1279230.899144529,148163.3867038419,1.009266172528325,3044781.219420594,-638.1561270972032
"2024-07-08 00:00:00.000 UTC","xAVAX",1131067.512440687,17434.62691507244,0.9255834295058915,3045419.3755476912,-12336.505954954448
"2024-07-08 00:00:00.000 UTC","aUSD",1131067.512440687,17434.62691507244,1.0072961920959382,3045419.3755476912,-12336.505954954448
"2024-07-07 00:00:00.000 UTC","aUSD",1113632.8855256147,6454.3164062207225,1.0229802688196548,3057755.8815026456,8444.459872975072
"2024-07-07 00:00:00.000 UTC","xAVAX",1113632.8855256147,6454.3164062207225,0.9569775991291597,3057755.8815026456,8444.459872975072
"2024-07-06 00:00:00.000 UTC","xAVAX",1107178.569119394,1399.1126228022624,0.939953711126694,3049311.4216296705,-20509.88425347299
"2024-07-06 00:00:00.000 UTC","aUSD",1107178.569119394,1399.1126228022624,1.0273610794895798,3049311.4216296705,-20509.88425347299
"2024-07-05 00:00:00.000 UTC","aUSD",1105779.4564965917,-7240.554430169947,1.002643496170118,3069821.3058831436,28629.146388658253
"2024-07-05 00:00:00.000 UTC","xAVAX",1105779.4564965917,-7240.554430169947,0.8381260183789508,3069821.3058831436,28629.146388658253
"2024-07-04 00:00:00.000 UTC","xAVAX",1113020.0109267617,-11824.662026912569,0.9207183164941211,3041192.1594944852,-2549.672859270964
"2024-07-04 00:00:00.000 UTC","aUSD",1113020.0109267617,-11824.662026912569,0.999980818183088,3041192.1594944852,-2549.672859270964
"2024-07-03 00:00:00.000 UTC","xAVAX",1124844.6729536743,-19071.63878543531,0.9979675821626967,3043741.8323537563,-89904.93909284736
"2024-07-03 00:00:00.000 UTC","aUSD",1124844.6729536743,-19071.63878543531,1.015389589503639,3043741.8323537563,-89904.93909284736
"2024-07-02 00:00:00.000 UTC","xAVAX",1143916.3117391097,122767.89214454117,1.0672252104777915,3133646.771446604,1113844.4649233508
"2024-07-02 00:00:00.000 UTC","aUSD",1143916.3117391097,122767.89214454117,0.9988371162457874,3133646.771446604,1113844.4649233508
"2024-07-01 00:00:00.000 UTC","xAVAX",1021148.4195945685,409084.82736426045,1.1373286428196447,2019802.306523253,114317.27834795228
"2024-07-01 00:00:00.000 UTC","aUSD",1021148.4195945685,409084.82736426045,0.9984540604774411,2019802.306523253,114317.27834795228
"2024-06-30 00:00:00.000 UTC","xAVAX",612063.5922303081,14028.886083977673,1.057619658902858,1905485.0281753007,-4215.497910556067
"2024-06-30 00:00:00.000 UTC","aUSD",612063.5922303081,14028.886083977673,0.9835048024746754,1905485.0281753007,-4215.497910556067
"2024-06-29 00:00:00.000 UTC","xAVAX",598034.7061463305,17745.223407976257,1.0587428931517744,1909700.5260858568,132543.2388788759
"2024-06-29 00:00:00.000 UTC","aUSD",598034.7061463305,17745.223407976257,1.0015745898971773,1909700.5260858568,132543.2388788759
"2024-06-28 00:00:00.000 UTC","xAVAX",580289.4827383542,37239.278713975415,1.0611696918357971,1777157.2872069809,128787.50428052346
"2024-06-28 00:00:00.000 UTC","aUSD",580289.4827383542,37239.278713975415,1.0101880399211445,1777157.2872069809,128787.50428052346
"2024-06-27 00:00:00.000 UTC","xAVAX",543050.2040243788,8211.220835488552,1.0054480504764491,1648369.7829264575,876694.4460700892
"2024-06-27 00:00:00.000 UTC","aUSD",543050.2040243788,8211.220835488552,1.0086764522677463,1648369.7829264575,876694.4460700892
"2024-06-26 00:00:00.000 UTC","aUSD",534838.9831888903,-77980.9240473509,0.9927308750600715,771675.3368563683,118576.18234123007
"2024-06-26 00:00:00.000 UTC","xAVAX",534838.9831888903,-77980.9240473509,0.9313554692556288,771675.3368563683,118576.18234123007
"2024-06-25 00:00:00.000 UTC","xAVAX",612819.9072362412,25631.023980199512,0.8757592149467206,653099.1545151382,41703.11638259877
"2024-06-25 00:00:00.000 UTC","aUSD",612819.9072362412,25631.023980199512,1.0071087290591572,653099.1545151382,41703.11638259877
"2024-06-24 00:00:00.000 UTC","aUSD",587188.8832560417,94436.42818355167,1.0035057759428951,611396.0381325395,116230.0073058241
"2024-06-24 00:00:00.000 UTC","xAVAX",587188.8832560417,94436.42818355167,0.8284281554576969,611396.0381325395,116230.0073058241
"2024-06-23 00:00:00.000 UTC","aUSD",492752.45507249003,48347.9634514952,1.0086419268000775,495166.03082671535,65701.31604144798
"2024-06-23 00:00:00.000 UTC","xAVAX",492752.45507249003,48347.9634514952,0.8808403738247943,495166.03082671535,65701.31604144798
"2024-06-22 00:00:00.000 UTC","aUSD",444404.4916209948,23523.19757496022,1.018526355771857,429464.71478526737,19075.268293889447
"2024-06-22 00:00:00.000 UTC","xAVAX",444404.4916209948,23523.19757496022,0.9051278326307602,429464.71478526737,19075.268293889447
"2024-06-21 00:00:00.000 UTC","xAVAX",420881.29404603457,264113.50858857133,1.0575027899248857,410389.4464913779,250378.15330452943
"2024-06-21 00:00:00.000 UTC","aUSD",420881.29404603457,264113.50858857133,1.0063289771820783,410389.4464913779,250378.15330452943
"2024-06-20 00:00:00.000 UTC","xAVAX",156767.78545746324,156767.78545746324,1.0553385885671092,160011.29318684843,160011.29318684843
"2024-06-20 00:00:00.000 UTC","aUSD",156767.78545746324,156767.78545746324,1.0075887281896485,160011.29318684843,160011.29318684843
